Role,Required_Skills
Junior Data Scientist,Python SQL Machine Learning Statistics Pandas NumPy Data Visualization Jupyter
Associate Data Scientist,Python SQL Machine Learning Statistics Pandas NumPy Data Visualization Jupyter
Data Scientist,Python SQL Machine Learning Statistics Pandas NumPy Data Visualization Jupyter
Senior Data Scientist,Python SQL Machine Learning Statistics Pandas NumPy Data Visualization Jupyter Team Leadership Mentoring
Lead Data Scientist,Python SQL Machine Learning Statistics Pandas NumPy Data Visualization Jupyter Team Leadership Mentoring
Principal Data Scientist,Python SQL Machine Learning Statistics Pandas NumPy Data Visualization Jupyter Team Leadership Mentoring
Junior Machine Learning Engineer,Python Machine Learning TensorFlow PyTorch Data Pipelines MLOps Statistics
Associate Machine Learning Engineer,Python Machine Learning TensorFlow PyTorch Data Pipelines MLOps Statistics
Machine Learning Engineer,Python Machine Learning TensorFlow PyTorch Data Pipelines MLOps Statistics
Senior Machine Learning Engineer,Python Machine Learning TensorFlow PyTorch Data Pipelines MLOps Statistics Team Leadership Mentoring
Lead Machine Learning Engineer,Python Machine Learning TensorFlow PyTorch Data Pipelines MLOps Statistics Team Leadership Mentoring
Principal Machine Learning Engineer,Python Machine Learning TensorFlow PyTorch Data Pipelines MLOps Statistics Team Leadership Mentoring
Junior AI Research Scientist,Python Deep Learning Research Mathematics PyTorch TensorFlow Publications NLP
Associate AI Research Scientist,Python Deep Learning Research Mathematics PyTorch TensorFlow Publications NLP
AI Research Scientist,Python Deep Learning Research Mathematics PyTorch TensorFlow Publications NLP
Senior AI Research Scientist,Python Deep Learning Research Mathematics PyTorch TensorFlow Publications NLP Team Leadership Mentoring
Lead AI Research Scientist,Python Deep Learning Research Mathematics PyTorch TensorFlow Publications NLP Team Leadership Mentoring
Principal AI Research Scientist,Python Deep Learning Research Mathematics PyTorch TensorFlow Publications NLP Team Leadership Mentoring
Junior NLP Engineer,Python NLP Transformers Deep Learning Text Processing Machine Learning Linguistics
Associate NLP Engineer,Python NLP Transformers Deep Learning Text Processing Machine Learning Linguistics
NLP Engineer,Python NLP Transformers Deep Learning Text Processing Machine Learning Linguistics
Senior NLP Engineer,Python NLP Transformers Deep Learning Text Processing Machine Learning Linguistics Team Leadership Mentoring
Lead NLP Engineer,Python NLP Transformers Deep Learning Text Processing Machine Learning Linguistics Team Leadership Mentoring
Principal NLP Engineer,Python NLP Transformers Deep Learning Text Processing Machine Learning Linguistics Team Leadership Mentoring
Junior Computer Vision Engineer,Python OpenCV Deep Learning Image Processing PyTorch TensorFlow CNN
Associate Computer Vision Engineer,Python OpenCV Deep Learning Image Processing PyTorch TensorFlow CNN
Computer Vision Engineer,Python OpenCV Deep Learning Image Processing PyTorch TensorFlow CNN
Senior Computer Vision Engineer,Python OpenCV Deep Learning Image Processing PyTorch TensorFlow CNN Team Leadership Mentoring
Lead Computer Vision Engineer,Python OpenCV Deep Learning Image Processing PyTorch TensorFlow CNN Team Leadership Mentoring
Principal Computer Vision Engineer,Python OpenCV Deep Learning Image Processing PyTorch TensorFlow CNN Team Leadership Mentoring
Junior Data Analyst,SQL Excel Python Data Visualization Statistics Power BI Tableau Reporting
Associate Data Analyst,SQL Excel Python Data Visualization Statistics Power BI Tableau Reporting
Data Analyst,SQL Excel Python Data Visualization Statistics Power BI Tableau Reporting
Senior Data Analyst,SQL Excel Python Data Visualization Statistics Power BI Tableau Reporting Team Leadership Mentoring
Lead Data Analyst,SQL Excel Python Data Visualization Statistics Power BI Tableau Reporting Team Leadership Mentoring
Principal Data Analyst,SQL Excel Python Data Visualization Statistics Power BI Tableau Reporting Team Leadership Mentoring
Junior Business Intelligence Developer,SQL Power BI Tableau ETL Data Warehousing DAX Reporting Data Modeling
Associate Business Intelligence Developer,SQL Power BI Tableau ETL Data Warehousing DAX Reporting Data Modeling
Business Intelligence Developer,SQL Power BI Tableau ETL Data Warehousing DAX Reporting Data Modeling
Senior Business Intelligence Developer,SQL Power BI Tableau ETL Data Warehousing DAX Reporting Data Modeling Team Leadership Mentoring
Lead Business Intelligence Developer,SQL Power BI Tableau ETL Data Warehousing DAX Reporting Data Modeling Team Leadership Mentoring
Principal Business Intelligence Developer,SQL Power BI Tableau ETL Data Warehousing DAX Reporting Data Modeling Team Leadership Mentoring
Junior Data Engineer,Python SQL Data Pipelines ETL Cloud Computing Spark Airflow Databases
Associate Data Engineer,Python SQL Data Pipelines ETL Cloud Computing Spark Airflow Databases
Data Engineer,Python SQL Data Pipelines ETL Cloud Computing Spark Airflow Databases
Senior Data Engineer,Python SQL Data Pipelines ETL Cloud Computing Spark Airflow Databases Team Leadership Mentoring
Lead Data Engineer,Python SQL Data Pipelines ETL Cloud Computing Spark Airflow Databases Team Leadership Mentoring
Principal Data Engineer,Python SQL Data Pipelines ETL Cloud Computing Spark Airflow Databases Team Leadership Mentoring
Junior Statistician,Statistics R Python Data Analysis Probability Experimental Design Hypothesis Testing
Associate Statistician,Statistics R Python Data Analysis Probability Experimental Design Hypothesis Testing
Statistician,Statistics R Python Data Analysis Probability Experimental Design Hypothesis Testing
Senior Statistician,Statistics R Python Data Analysis Probability Experimental Design Hypothesis Testing Team Leadership Mentoring
Lead Statistician,Statistics R Python Data Analysis Probability Experimental Design Hypothesis Testing Team Leadership Mentoring
Principal Statistician,Statistics R Python Data Analysis Probability Experimental Design Hypothesis Testing Team Leadership Mentoring
Junior Bioinformatics Scientist,Python R Genomics Statistics Bioinformatics Tools Data Analysis Machine Learning
Associate Bioinformatics Scientist,Python R Genomics Statistics Bioinformatics Tools Data Analysis Machine Learning
Bioinformatics Scientist,Python R Genomics Statistics Bioinformatics Tools Data Analysis Machine Learning
Senior Bioinformatics Scientist,Python R Genomics Statistics Bioinformatics Tools Data Analysis Machine Learning Team Leadership Mentoring
Lead Bioinformatics Scientist,Python R Genomics Statistics Bioinformatics Tools Data Analysis Machine Learning Team Leadership Mentoring
Principal Bioinformatics Scientist,Python R Genomics Statistics Bioinformatics Tools Data Analysis Machine Learning Team Leadership Mentoring
Junior Quantitative Analyst,Python Statistics Financial Modeling Mathematics Machine Learning Risk Analysis
Associate Quantitative Analyst,Python Statistics Financial Modeling Mathematics Machine Learning Risk Analysis
Quantitative Analyst,Python Statistics Financial Modeling Mathematics Machine Learning Risk Analysis
Senior Quantitative Analyst,Python Statistics Financial Modeling Mathematics Machine Learning Risk Analysis Team Leadership Mentoring
Lead Quantitative Analyst,Python Statistics Financial Modeling Mathematics Machine Learning Risk Analysis Team Leadership Mentoring
Principal Quantitative Analyst,Python Statistics Financial Modeling Mathematics Machine Learning Risk Analysis Team Leadership Mentoring
Junior Algorithmic Trader,Python Algorithms Financial Markets Statistics Risk Management Backtesting
Associate Algorithmic Trader,Python Algorithms Financial Markets Statistics Risk Management Backtesting
Algorithmic Trader,Python Algorithms Financial Markets Statistics Risk Management Backtesting
Senior Algorithmic Trader,Python Algorithms Financial Markets Statistics Risk Management Backtesting Team Leadership Mentoring
Lead Algorithmic Trader,Python Algorithms Financial Markets Statistics Risk Management Backtesting Team Leadership Mentoring
Principal Algorithmic Trader,Python Algorithms Financial Markets Statistics Risk Management Backtesting Team Leadership Mentoring
Junior Data Governance Analyst,Data Governance Compliance Data Quality Metadata Management SQL Documentation
Associate Data Governance Analyst,Data Governance Compliance Data Quality Metadata Management SQL Documentation
Data Governance Analyst,Data Governance Compliance Data Quality Metadata Management SQL Documentation
Senior Data Governance Analyst,Data Governance Compliance Data Quality Metadata Management SQL Documentation Team Leadership Mentoring
Lead Data Governance Analyst,Data Governance Compliance Data Quality Metadata Management SQL Documentation Team Leadership Mentoring
Principal Data Governance Analyst,Data Governance Compliance Data Quality Metadata Management SQL Documentation Team Leadership Mentoring
Junior Research Scientist,Research Methodology Data Analysis Statistics Experimental Design Publications Python
Associate Research Scientist,Research Methodology Data Analysis Statistics Experimental Design Publications Python
Research Scientist,Research Methodology Data Analysis Statistics Experimental Design Publications Python
Senior Research Scientist,Research Methodology Data Analysis Statistics Experimental Design Publications Python Team Leadership Mentoring
Lead Research Scientist,Research Methodology Data Analysis Statistics Experimental Design Publications Python Team Leadership Mentoring
Principal Research Scientist,Research Methodology Data Analysis Statistics Experimental Design Publications Python Team Leadership Mentoring
Junior DevOps Engineer,AWS Docker Kubernetes CI/CD Automation Linux Terraform Jenkins
Associate DevOps Engineer,AWS Docker Kubernetes CI/CD Automation Linux Terraform Jenkins
DevOps Engineer,AWS Docker Kubernetes CI/CD Automation Linux Terraform Jenkins
Senior DevOps Engineer,AWS Docker Kubernetes CI/CD Automation Linux Terraform Jenkins Team Leadership Mentoring
Lead DevOps Engineer,AWS Docker Kubernetes CI/CD Automation Linux Terraform Jenkins Team Leadership Mentoring
Principal DevOps Engineer,AWS Docker Kubernetes CI/CD Automation Linux Terraform Jenkins Team Leadership Mentoring
Junior Backend Developer,Java Python SQL APIs Node.js Databases System Design REST
Associate Backend Developer,Java Python SQL APIs Node.js Databases System Design REST
Backend Developer,Java Python SQL APIs Node.js Databases System Design REST
Senior Backend Developer,Java Python SQL APIs Node.js Databases System Design REST Team Leadership Mentoring
Lead Backend Developer,Java Python SQL APIs Node.js Databases System Design REST Team Leadership Mentoring
Principal Backend Developer,Java Python SQL APIs Node.js Databases System Design REST Team Leadership Mentoring
Junior Frontend Developer,HTML CSS JavaScript React UI Design Responsive Design Accessibility
Associate Frontend Developer,HTML CSS JavaScript React UI Design Responsive Design Accessibility
Frontend Developer,HTML CSS JavaScript React UI Design Responsive Design Accessibility
Senior Frontend Developer,HTML CSS JavaScript React UI Design Responsive Design Accessibility Team Leadership Mentoring
Lead Frontend Developer,HTML CSS JavaScript React UI Design Responsive Design Accessibility Team Leadership Mentoring
Principal Frontend Developer,HTML CSS JavaScript React UI Design Responsive Design Accessibility Team Leadership Mentoring
Junior Full Stack Developer,JavaScript React Node.js SQL APIs HTML CSS System Design
Associate Full Stack Developer,JavaScript React Node.js SQL APIs HTML CSS System Design
Full Stack Developer,JavaScript React Node.js SQL APIs HTML CSS System Design
Senior Full Stack Developer,JavaScript React Node.js SQL APIs HTML CSS System Design Team Leadership Mentoring
Lead Full Stack Developer,JavaScript React Node.js SQL APIs HTML CSS System Design Team Leadership Mentoring
Principal Full Stack Developer,JavaScript React Node.js SQL APIs HTML CSS System Design Team Leadership Mentoring
Junior Cloud Architect,AWS Azure Cloud Computing Networking Security Automation Terraform Cost Optimization
Associate Cloud Architect,AWS Azure Cloud Computing Networking Security Automation Terraform Cost Optimization
Cloud Architect,AWS Azure Cloud Computing Networking Security Automation Terraform Cost Optimization
Senior Cloud Architect,AWS Azure Cloud Computing Networking Security Automation Terraform Cost Optimization Team Leadership Mentoring
Lead Cloud Architect,AWS Azure Cloud Computing Networking Security Automation Terraform Cost Optimization Team Leadership Mentoring
Principal Cloud Architect,AWS Azure Cloud Computing Networking Security Automation Terraform Cost Optimization Team Leadership Mentoring
Junior Site Reliability Engineer,Linux Kubernetes Monitoring Automation Python Incident Response Cloud Computing SRE Practices
Associate Site Reliability Engineer,Linux Kubernetes Monitoring Automation Python Incident Response Cloud Computing SRE Practices
Site Reliability Engineer,Linux Kubernetes Monitoring Automation Python Incident Response Cloud Computing SRE Practices
Senior Site Reliability Engineer,Linux Kubernetes Monitoring Automation Python Incident Response Cloud Computing SRE Practices Team Leadership Mentoring
Lead Site Reliability Engineer,Linux Kubernetes Monitoring Automation Python Incident Response Cloud Computing SRE Practices Team Leadership Mentoring
Principal Site Reliability Engineer,Linux Kubernetes Monitoring Automation Python Incident Response Cloud Computing SRE Practices Team Leadership Mentoring
Junior Platform Engineer,Kubernetes Docker CI/CD Cloud Computing Automation Infrastructure as Code Terraform
Associate Platform Engineer,Kubernetes Docker CI/CD Cloud Computing Automation Infrastructure as Code Terraform
Platform Engineer,Kubernetes Docker CI/CD Cloud Computing Automation Infrastructure as Code Terraform
Senior Platform Engineer,Kubernetes Docker CI/CD Cloud Computing Automation Infrastructure as Code Terraform Team Leadership Mentoring
Lead Platform Engineer,Kubernetes Docker CI/CD Cloud Computing Automation Infrastructure as Code Terraform Team Leadership Mentoring
Principal Platform Engineer,Kubernetes Docker CI/CD Cloud Computing Automation Infrastructure as Code Terraform Team Leadership Mentoring
Junior Infrastructure Engineer,Linux Networking Cloud Computing Automation Scripting Terraform Monitoring
Associate Infrastructure Engineer,Linux Networking Cloud Computing Automation Scripting Terraform Monitoring
Infrastructure Engineer,Linux Networking Cloud Computing Automation Scripting Terraform Monitoring
Senior Infrastructure Engineer,Linux Networking Cloud Computing Automation Scripting Terraform Monitoring Team Leadership Mentoring
Lead Infrastructure Engineer,Linux Networking Cloud Computing Automation Scripting Terraform Monitoring Team Leadership Mentoring
Principal Infrastructure Engineer,Linux Networking Cloud Computing Automation Scripting Terraform Monitoring Team Leadership Mentoring
Junior Solutions Architect,Cloud Computing System Design AWS Azure Networking Security Architecture Documentation
Associate Solutions Architect,Cloud Computing System Design AWS Azure Networking Security Architecture Documentation
Solutions Architect,Cloud Computing System Design AWS Azure Networking Security Architecture Documentation
Senior Solutions Architect,Cloud Computing System Design AWS Azure Networking Security Architecture Documentation Team Leadership Mentoring
Lead Solutions Architect,Cloud Computing System Design AWS Azure Networking Security Architecture Documentation Team Leadership Mentoring
Principal Solutions Architect,Cloud Computing System Design AWS Azure Networking Security Architecture Documentation Team Leadership Mentoring
Junior Enterprise Architect,System Design Cloud Computing Enterprise Systems Architecture Governance Documentation Integration
Associate Enterprise Architect,System Design Cloud Computing Enterprise Systems Architecture Governance Documentation Integration
Enterprise Architect,System Design Cloud Computing Enterprise Systems Architecture Governance Documentation Integration
Senior Enterprise Architect,System Design Cloud Computing Enterprise Systems Architecture Governance Documentation Integration Team Leadership Mentoring
Lead Enterprise Architect,System Design Cloud Computing Enterprise Systems Architecture Governance Documentation Integration Team Leadership Mentoring
Principal Enterprise Architect,System Design Cloud Computing Enterprise Systems Architecture Governance Documentation Integration Team Leadership Mentoring
Junior Release Engineer,CI/CD Automation Scripting Version Control Build Systems Deployment Linux
Associate Release Engineer,CI/CD Automation Scripting Version Control Build Systems Deployment Linux
Release Engineer,CI/CD Automation Scripting Version Control Build Systems Deployment Linux
Senior Release Engineer,CI/CD Automation Scripting Version Control Build Systems Deployment Linux Team Leadership Mentoring
Lead Release Engineer,CI/CD Automation Scripting Version Control Build Systems Deployment Linux Team Leadership Mentoring
Principal Release Engineer,CI/CD Automation Scripting Version Control Build Systems Deployment Linux Team Leadership Mentoring
Junior Build Engineer,CI/CD Build Systems Scripting Automation Version Control Jenkins Docker
Associate Build Engineer,CI/CD Build Systems Scripting Automation Version Control Jenkins Docker
Build Engineer,CI/CD Build Systems Scripting Automation Version Control Jenkins Docker
Senior Build Engineer,CI/CD Build Systems Scripting Automation Version Control Jenkins Docker Team Leadership Mentoring
Lead Build Engineer,CI/CD Build Systems Scripting Automation Version Control Jenkins Docker Team Leadership Mentoring
Principal Build Engineer,CI/CD Build Systems Scripting Automation Version Control Jenkins Docker Team Leadership Mentoring
Junior Automation Engineer,Python Scripting Automation Testing CI/CD Robotics Process Automation
Associate Automation Engineer,Python Scripting Automation Testing CI/CD Robotics Process Automation
Automation Engineer,Python Scripting Automation Testing CI/CD Robotics Process Automation
Senior Automation Engineer,Python Scripting Automation Testing CI/CD Robotics Process Automation Team Leadership Mentoring
Lead Automation Engineer,Python Scripting Automation Testing CI/CD Robotics Process Automation Team Leadership Mentoring
Principal Automation Engineer,Python Scripting Automation Testing CI/CD Robotics Process Automation Team Leadership Mentoring
Junior RPA Developer,UiPath Automation Anywhere Python Process Automation Scripting Workflow Design
Associate RPA Developer,UiPath Automation Anywhere Python Process Automation Scripting Workflow Design
RPA Developer,UiPath Automation Anywhere Python Process Automation Scripting Workflow Design
Senior RPA Developer,UiPath Automation Anywhere Python Process Automation Scripting Workflow Design Team Leadership Mentoring
Lead RPA Developer,UiPath Automation Anywhere Python Process Automation Scripting Workflow Design Team Leadership Mentoring
Principal RPA Developer,UiPath Automation Anywhere Python Process Automation Scripting Workflow Design Team Leadership Mentoring
Junior API Developer,APIs REST GraphQL Node.js Python Documentation Authentication
Associate API Developer,APIs REST GraphQL Node.js Python Documentation Authentication
API Developer,APIs REST GraphQL Node.js Python Documentation Authentication
Senior API Developer,APIs REST GraphQL Node.js Python Documentation Authentication Team Leadership Mentoring
Lead API Developer,APIs REST GraphQL Node.js Python Documentation Authentication Team Leadership Mentoring
Principal API Developer,APIs REST GraphQL Node.js Python Documentation Authentication Team Leadership Mentoring
Junior Integration Engineer,APIs Middleware System Integration ETL Cloud Computing Automation
Associate Integration Engineer,APIs Middleware System Integration ETL Cloud Computing Automation
Integration Engineer,APIs Middleware System Integration ETL Cloud Computing Automation
Senior Integration Engineer,APIs Middleware System Integration ETL Cloud Computing Automation Team Leadership Mentoring
Lead Integration Engineer,APIs Middleware System Integration ETL Cloud Computing Automation Team Leadership Mentoring
Principal Integration Engineer,APIs Middleware System Integration ETL Cloud Computing Automation Team Leadership Mentoring
Junior Mobile App Developer,Java Kotlin Swift Mobile UI APIs Android iOS Firebase
Associate Mobile App Developer,Java Kotlin Swift Mobile UI APIs Android iOS Firebase
Mobile App Developer,Java Kotlin Swift Mobile UI APIs Android iOS Firebase
Senior Mobile App Developer,Java Kotlin Swift Mobile UI APIs Android iOS Firebase Team Leadership Mentoring
Lead Mobile App Developer,Java Kotlin Swift Mobile UI APIs Android iOS Firebase Team Leadership Mentoring
Principal Mobile App Developer,Java Kotlin Swift Mobile UI APIs Android iOS Firebase Team Leadership Mentoring
Junior Blockchain Developer,Solidity Blockchain Smart Contracts Cryptography Ethereum Web3 JavaScript
Associate Blockchain Developer,Solidity Blockchain Smart Contracts Cryptography Ethereum Web3 JavaScript
Blockchain Developer,Solidity Blockchain Smart Contracts Cryptography Ethereum Web3 JavaScript
Senior Blockchain Developer,Solidity Blockchain Smart Contracts Cryptography Ethereum Web3 JavaScript Team Leadership Mentoring
Lead Blockchain Developer,Solidity Blockchain Smart Contracts Cryptography Ethereum Web3 JavaScript Team Leadership Mentoring
Principal Blockchain Developer,Solidity Blockchain Smart Contracts Cryptography Ethereum Web3 JavaScript Team Leadership Mentoring
Junior Web3 Developer,Solidity Web3 Blockchain Smart Contracts JavaScript Ethereum DApps
Associate Web3 Developer,Solidity Web3 Blockchain Smart Contracts JavaScript Ethereum DApps
Web3 Developer,Solidity Web3 Blockchain Smart Contracts JavaScript Ethereum DApps
Senior Web3 Developer,Solidity Web3 Blockchain Smart Contracts JavaScript Ethereum DApps Team Leadership Mentoring
Lead Web3 Developer,Solidity Web3 Blockchain Smart Contracts JavaScript Ethereum DApps Team Leadership Mentoring
Principal Web3 Developer,Solidity Web3 Blockchain Smart Contracts JavaScript Ethereum DApps Team Leadership Mentoring
Junior Embedded Systems Engineer,C C++ Microcontrollers RTOS Embedded Programming Hardware Debugging Firmware
Associate Embedded Systems Engineer,C C++ Microcontrollers RTOS Embedded Programming Hardware Debugging Firmware
Embedded Systems Engineer,C C++ Microcontrollers RTOS Embedded Programming Hardware Debugging Firmware
Senior Embedded Systems Engineer,C C++ Microcontrollers RTOS Embedded Programming Hardware Debugging Firmware Team Leadership Mentoring
Lead Embedded Systems Engineer,C C++ Microcontrollers RTOS Embedded Programming Hardware Debugging Firmware Team Leadership Mentoring
Principal Embedded Systems Engineer,C C++ Microcontrollers RTOS Embedded Programming Hardware Debugging Firmware Team Leadership Mentoring
Junior Firmware Engineer,C Embedded Systems Firmware Microcontrollers Debugging Hardware Interfaces RTOS
Associate Firmware Engineer,C Embedded Systems Firmware Microcontrollers Debugging Hardware Interfaces RTOS
Firmware Engineer,C Embedded Systems Firmware Microcontrollers Debugging Hardware Interfaces RTOS
Senior Firmware Engineer,C Embedded Systems Firmware Microcontrollers Debugging Hardware Interfaces RTOS Team Leadership Mentoring
Lead Firmware Engineer,C Embedded Systems Firmware Microcontrollers Debugging Hardware Interfaces RTOS Team Leadership Mentoring
Principal Firmware Engineer,C Embedded Systems Firmware Microcontrollers Debugging Hardware Interfaces RTOS Team Leadership Mentoring
Junior Robotics Engineer,Python C++ ROS Robotics Control Systems Sensors Computer Vision
Associate Robotics Engineer,Python C++ ROS Robotics Control Systems Sensors Computer Vision
Robotics Engineer,Python C++ ROS Robotics Control Systems Sensors Computer Vision
Senior Robotics Engineer,Python C++ ROS Robotics Control Systems Sensors Computer Vision Team Leadership Mentoring
Lead Robotics Engineer,Python C++ ROS Robotics Control Systems Sensors Computer Vision Team Leadership Mentoring
Principal Robotics Engineer,Python C++ ROS Robotics Control Systems Sensors Computer Vision Team Leadership Mentoring
Junior IoT Engineer,IoT Embedded Systems Python Networking Sensors Cloud Computing MQTT
Associate IoT Engineer,IoT Embedded Systems Python Networking Sensors Cloud Computing MQTT
IoT Engineer,IoT Embedded Systems Python Networking Sensors Cloud Computing MQTT
Senior IoT Engineer,IoT Embedded Systems Python Networking Sensors Cloud Computing MQTT Team Leadership Mentoring
Lead IoT Engineer,IoT Embedded Systems Python Networking Sensors Cloud Computing MQTT Team Leadership Mentoring
Principal IoT Engineer,IoT Embedded Systems Python Networking Sensors Cloud Computing MQTT Team Leadership Mentoring
Junior Salesforce Developer,Salesforce Apex Visualforce SOQL CRM Integration APIs
Associate Salesforce Developer,Salesforce Apex Visualforce SOQL CRM Integration APIs
Salesforce Developer,Salesforce Apex Visualforce SOQL CRM Integration APIs
Senior Salesforce Developer,Salesforce Apex Visualforce SOQL CRM Integration APIs Team Leadership Mentoring
Lead Salesforce Developer,Salesforce Apex Visualforce SOQL CRM Integration APIs Team Leadership Mentoring
Principal Salesforce Developer,Salesforce Apex Visualforce SOQL CRM Integration APIs Team Leadership Mentoring
Junior Game Developer,C++ Unity Unreal Engine Game Design Physics Graphics Programming C#
Associate Game Developer,C++ Unity Unreal Engine Game Design Physics Graphics Programming C#
Game Developer,C++ Unity Unreal Engine Game Design Physics Graphics Programming C#
Senior Game Developer,C++ Unity Unreal Engine Game Design Physics Graphics Programming C# Team Leadership Mentoring
Lead Game Developer,C++ Unity Unreal Engine Game Design Physics Graphics Programming C# Team Leadership Mentoring
Principal Game Developer,C++ Unity Unreal Engine Game Design Physics Graphics Programming C# Team Leadership Mentoring
Junior QA Automation Engineer,Python Selenium Test Automation CI/CD Java Test Planning Debugging
Associate QA Automation Engineer,Python Selenium Test Automation CI/CD Java Test Planning Debugging
QA Automation Engineer,Python Selenium Test Automation CI/CD Java Test Planning Debugging
Senior QA Automation Engineer,Python Selenium Test Automation CI/CD Java Test Planning Debugging Team Leadership Mentoring
Lead QA Automation Engineer,Python Selenium Test Automation CI/CD Java Test Planning Debugging Team Leadership Mentoring
Principal QA Automation Engineer,Python Selenium Test Automation CI/CD Java Test Planning Debugging Team Leadership Mentoring
Junior Test Engineer,Test Planning Manual Testing Automation Debugging Test Cases Bug Tracking
Associate Test Engineer,Test Planning Manual Testing Automation Debugging Test Cases Bug Tracking
Test Engineer,Test Planning Manual Testing Automation Debugging Test Cases Bug Tracking
Senior Test Engineer,Test Planning Manual Testing Automation Debugging Test Cases Bug Tracking Team Leadership Mentoring
Lead Test Engineer,Test Planning Manual Testing Automation Debugging Test Cases Bug Tracking Team Leadership Mentoring
Principal Test Engineer,Test Planning Manual Testing Automation Debugging Test Cases Bug Tracking Team Leadership Mentoring
Junior Performance Test Engineer,Load Testing Performance Tuning JMeter Scripting Test Automation Monitoring
Associate Performance Test Engineer,Load Testing Performance Tuning JMeter Scripting Test Automation Monitoring
Performance Test Engineer,Load Testing Performance Tuning JMeter Scripting Test Automation Monitoring
Senior Performance Test Engineer,Load Testing Performance Tuning JMeter Scripting Test Automation Monitoring Team Leadership Mentoring
Lead Performance Test Engineer,Load Testing Performance Tuning JMeter Scripting Test Automation Monitoring Team Leadership Mentoring
Principal Performance Test Engineer,Load Testing Performance Tuning JMeter Scripting Test Automation Monitoring Team Leadership Mentoring
Junior Localization Engineer,Localization Internationalization Scripting Translation Management Tools Quality Assurance
Associate Localization Engineer,Localization Internationalization Scripting Translation Management Tools Quality Assurance
Localization Engineer,Localization Internationalization Scripting Translation Management Tools Quality Assurance
Senior Localization Engineer,Localization Internationalization Scripting Translation Management Tools Quality Assurance Team Leadership Mentoring
Lead Localization Engineer,Localization Internationalization Scripting Translation Management Tools Quality Assurance Team Leadership Mentoring
Principal Localization Engineer,Localization Internationalization Scripting Translation Management Tools Quality Assurance Team Leadership Mentoring
Junior Cybersecurity Analyst,Network Security Penetration Testing Linux Firewalls Risk Assessment Python Cryptography
Associate Cybersecurity Analyst,Network Security Penetration Testing Linux Firewalls Risk Assessment Python Cryptography
Cybersecurity Analyst,Network Security Penetration Testing Linux Firewalls Risk Assessment Python Cryptography
Senior Cybersecurity Analyst,Network Security Penetration Testing Linux Firewalls Risk Assessment Python Cryptography Team Leadership Mentoring
Lead Cybersecurity Analyst,Network Security Penetration Testing Linux Firewalls Risk Assessment Python Cryptography Team Leadership Mentoring
Principal Cybersecurity Analyst,Network Security Penetration Testing Linux Firewalls Risk Assessment Python Cryptography Team Leadership Mentoring
Junior Security Engineer,Network Security Cryptography Penetration Testing Cloud Security Automation Python Incident Response
Associate Security Engineer,Network Security Cryptography Penetration Testing Cloud Security Automation Python Incident Response
Security Engineer,Network Security Cryptography Penetration Testing Cloud Security Automation Python Incident Response
Senior Security Engineer,Network Security Cryptography Penetration Testing Cloud Security Automation Python Incident Response Team Leadership Mentoring
Lead Security Engineer,Network Security Cryptography Penetration Testing Cloud Security Automation Python Incident Response Team Leadership Mentoring
Principal Security Engineer,Network Security Cryptography Penetration Testing Cloud Security Automation Python Incident Response Team Leadership Mentoring
Junior Penetration Tester,Penetration Testing Network Security Linux Scripting Vulnerability Assessment Ethical Hacking Cryptography
Associate Penetration Tester,Penetration Testing Network Security Linux Scripting Vulnerability Assessment Ethical Hacking Cryptography
Penetration Tester,Penetration Testing Network Security Linux Scripting Vulnerability Assessment Ethical Hacking Cryptography
Senior Penetration Tester,Penetration Testing Network Security Linux Scripting Vulnerability Assessment Ethical Hacking Cryptography Team Leadership Mentoring
Lead Penetration Tester,Penetration Testing Network Security Linux Scripting Vulnerability Assessment Ethical Hacking Cryptography Team Leadership Mentoring
Principal Penetration Tester,Penetration Testing Network Security Linux Scripting Vulnerability Assessment Ethical Hacking Cryptography Team Leadership Mentoring
Junior SOC Analyst,Network Security SIEM Incident Response Threat Detection Linux Log Analysis Firewalls
Associate SOC Analyst,Network Security SIEM Incident Response Threat Detection Linux Log Analysis Firewalls
SOC Analyst,Network Security SIEM Incident Response Threat Detection Linux Log Analysis Firewalls
Senior SOC Analyst,Network Security SIEM Incident Response Threat Detection Linux Log Analysis Firewalls Team Leadership Mentoring
Lead SOC Analyst,Network Security SIEM Incident Response Threat Detection Linux Log Analysis Firewalls Team Leadership Mentoring
Principal SOC Analyst,Network Security SIEM Incident Response Threat Detection Linux Log Analysis Firewalls Team Leadership Mentoring
Junior Cloud Security Engineer,Cloud Security AWS Azure IAM Security Automation Compliance Networking
Associate Cloud Security Engineer,Cloud Security AWS Azure IAM Security Automation Compliance Networking
Cloud Security Engineer,Cloud Security AWS Azure IAM Security Automation Compliance Networking
Senior Cloud Security Engineer,Cloud Security AWS Azure IAM Security Automation Compliance Networking Team Leadership Mentoring
Lead Cloud Security Engineer,Cloud Security AWS Azure IAM Security Automation Compliance Networking Team Leadership Mentoring
Principal Cloud Security Engineer,Cloud Security AWS Azure IAM Security Automation Compliance Networking Team Leadership Mentoring
Junior Identity and Access Management Engineer,IAM Security Active Directory Automation Compliance Authentication Protocols
Associate Identity and Access Management Engineer,IAM Security Active Directory Automation Compliance Authentication Protocols
Identity and Access Management Engineer,IAM Security Active Directory Automation Compliance Authentication Protocols
Senior Identity and Access Management Engineer,IAM Security Active Directory Automation Compliance Authentication Protocols Team Leadership Mentoring
Lead Identity and Access Management Engineer,IAM Security Active Directory Automation Compliance Authentication Protocols Team Leadership Mentoring
Principal Identity and Access Management Engineer,IAM Security Active Directory Automation Compliance Authentication Protocols Team Leadership Mentoring
Junior Network Engineer,Networking Routing Switching Firewalls Security Cisco Automation
Associate Network Engineer,Networking Routing Switching Firewalls Security Cisco Automation
Network Engineer,Networking Routing Switching Firewalls Security Cisco Automation
Senior Network Engineer,Networking Routing Switching Firewalls Security Cisco Automation Team Leadership Mentoring
Lead Network Engineer,Networking Routing Switching Firewalls Security Cisco Automation Team Leadership Mentoring
Principal Network Engineer,Networking Routing Switching Firewalls Security Cisco Automation Team Leadership Mentoring
Junior Telecommunications Engineer,Networking Telecom Protocols Routing Switching Signal Processing Troubleshooting
Associate Telecommunications Engineer,Networking Telecom Protocols Routing Switching Signal Processing Troubleshooting
Telecommunications Engineer,Networking Telecom Protocols Routing Switching Signal Processing Troubleshooting
Senior Telecommunications Engineer,Networking Telecom Protocols Routing Switching Signal Processing Troubleshooting Team Leadership Mentoring
Lead Telecommunications Engineer,Networking Telecom Protocols Routing Switching Signal Processing Troubleshooting Team Leadership Mentoring
Principal Telecommunications Engineer,Networking Telecom Protocols Routing Switching Signal Processing Troubleshooting Team Leadership Mentoring
Junior Wireless Network Engineer,Wireless Networking RF Engineering Networking Security Troubleshooting Routing
Associate Wireless Network Engineer,Wireless Networking RF Engineering Networking Security Troubleshooting Routing
Wireless Network Engineer,Wireless Networking RF Engineering Networking Security Troubleshooting Routing
Senior Wireless Network Engineer,Wireless Networking RF Engineering Networking Security Troubleshooting Routing Team Leadership Mentoring
Lead Wireless Network Engineer,Wireless Networking RF Engineering Networking Security Troubleshooting Routing Team Leadership Mentoring
Principal Wireless Network Engineer,Wireless Networking RF Engineering Networking Security Troubleshooting Routing Team Leadership Mentoring
Junior System Administrator,Linux Networking Automation Scripting Bash Server Management Security
Associate System Administrator,Linux Networking Automation Scripting Bash Server Management Security
System Administrator,Linux Networking Automation Scripting Bash Server Management Security
Senior System Administrator,Linux Networking Automation Scripting Bash Server Management Security Team Leadership Mentoring
Lead System Administrator,Linux Networking Automation Scripting Bash Server Management Security Team Leadership Mentoring
Principal System Administrator,Linux Networking Automation Scripting Bash Server Management Security Team Leadership Mentoring
Junior Linux Administrator,Linux Shell Scripting Networking Server Management Automation Security
Associate Linux Administrator,Linux Shell Scripting Networking Server Management Automation Security
Linux Administrator,Linux Shell Scripting Networking Server Management Automation Security
Senior Linux Administrator,Linux Shell Scripting Networking Server Management Automation Security Team Leadership Mentoring
Lead Linux Administrator,Linux Shell Scripting Networking Server Management Automation Security Team Leadership Mentoring
Principal Linux Administrator,Linux Shell Scripting Networking Server Management Automation Security Team Leadership Mentoring
Junior Windows Administrator,Windows Server Active Directory PowerShell Networking Server Management
Associate Windows Administrator,Windows Server Active Directory PowerShell Networking Server Management
Windows Administrator,Windows Server Active Directory PowerShell Networking Server Management
Senior Windows Administrator,Windows Server Active Directory PowerShell Networking Server Management Team Leadership Mentoring
Lead Windows Administrator,Windows Server Active Directory PowerShell Networking Server Management Team Leadership Mentoring
Principal Windows Administrator,Windows Server Active Directory PowerShell Networking Server Management Team Leadership Mentoring
Junior Systems Engineer,Linux Networking System Design Automation Scripting Cloud Computing Server Management
Associate Systems Engineer,Linux Networking System Design Automation Scripting Cloud Computing Server Management
Systems Engineer,Linux Networking System Design Automation Scripting Cloud Computing Server Management
Senior Systems Engineer,Linux Networking System Design Automation Scripting Cloud Computing Server Management Team Leadership Mentoring
Lead Systems Engineer,Linux Networking System Design Automation Scripting Cloud Computing Server Management Team Leadership Mentoring
Principal Systems Engineer,Linux Networking System Design Automation Scripting Cloud Computing Server Management Team Leadership Mentoring
Junior Data Center Technician,Server Management Hardware Networking Cabling Cooling Systems Troubleshooting
Associate Data Center Technician,Server Management Hardware Networking Cabling Cooling Systems Troubleshooting
Data Center Technician,Server Management Hardware Networking Cabling Cooling Systems Troubleshooting
Senior Data Center Technician,Server Management Hardware Networking Cabling Cooling Systems Troubleshooting Team Leadership Mentoring
Lead Data Center Technician,Server Management Hardware Networking Cabling Cooling Systems Troubleshooting Team Leadership Mentoring
Principal Data Center Technician,Server Management Hardware Networking Cabling Cooling Systems Troubleshooting Team Leadership Mentoring
Junior Storage Engineer,Storage Systems SAN NAS Backup Recovery Networking Linux
Associate Storage Engineer,Storage Systems SAN NAS Backup Recovery Networking Linux
Storage Engineer,Storage Systems SAN NAS Backup Recovery Networking Linux
Senior Storage Engineer,Storage Systems SAN NAS Backup Recovery Networking Linux Team Leadership Mentoring
Lead Storage Engineer,Storage Systems SAN NAS Backup Recovery Networking Linux Team Leadership Mentoring
Principal Storage Engineer,Storage Systems SAN NAS Backup Recovery Networking Linux Team Leadership Mentoring
Junior Virtualization Engineer,VMware Virtualization Hypervisors Cloud Computing Networking Automation
Associate Virtualization Engineer,VMware Virtualization Hypervisors Cloud Computing Networking Automation
Virtualization Engineer,VMware Virtualization Hypervisors Cloud Computing Networking Automation
Senior Virtualization Engineer,VMware Virtualization Hypervisors Cloud Computing Networking Automation Team Leadership Mentoring
Lead Virtualization Engineer,VMware Virtualization Hypervisors Cloud Computing Networking Automation Team Leadership Mentoring
Principal Virtualization Engineer,VMware Virtualization Hypervisors Cloud Computing Networking Automation Team Leadership Mentoring
Junior IT Support Specialist,Troubleshooting Networking Hardware Windows Customer Service Ticketing Systems Linux
Associate IT Support Specialist,Troubleshooting Networking Hardware Windows Customer Service Ticketing Systems Linux
IT Support Specialist,Troubleshooting Networking Hardware Windows Customer Service Ticketing Systems Linux
Senior IT Support Specialist,Troubleshooting Networking Hardware Windows Customer Service Ticketing Systems Linux Team Leadership Mentoring
Lead IT Support Specialist,Troubleshooting Networking Hardware Windows Customer Service Ticketing Systems Linux Team Leadership Mentoring
Principal IT Support Specialist,Troubleshooting Networking Hardware Windows Customer Service Ticketing Systems Linux Team Leadership Mentoring
Junior Technical Support Engineer,Troubleshooting Networking Linux Customer Service Ticketing Systems Scripting
Associate Technical Support Engineer,Troubleshooting Networking Linux Customer Service Ticketing Systems Scripting
Technical Support Engineer,Troubleshooting Networking Linux Customer Service Ticketing Systems Scripting
Senior Technical Support Engineer,Troubleshooting Networking Linux Customer Service Ticketing Systems Scripting Team Leadership Mentoring
Lead Technical Support Engineer,Troubleshooting Networking Linux Customer Service Ticketing Systems Scripting Team Leadership Mentoring
Principal Technical Support Engineer,Troubleshooting Networking Linux Customer Service Ticketing Systems Scripting Team Leadership Mentoring
Junior Help Desk Technician,Troubleshooting Hardware Customer Service Windows Networking Ticketing Systems
Associate Help Desk Technician,Troubleshooting Hardware Customer Service Windows Networking Ticketing Systems
Help Desk Technician,Troubleshooting Hardware Customer Service Windows Networking Ticketing Systems
Senior Help Desk Technician,Troubleshooting Hardware Customer Service Windows Networking Ticketing Systems Team Leadership Mentoring
Lead Help Desk Technician,Troubleshooting Hardware Customer Service Windows Networking Ticketing Systems Team Leadership Mentoring
Principal Help Desk Technician,Troubleshooting Hardware Customer Service Windows Networking Ticketing Systems Team Leadership Mentoring
Junior Field Service Engineer,Hardware Troubleshooting Installation Customer Service Networking Documentation
Associate Field Service Engineer,Hardware Troubleshooting Installation Customer Service Networking Documentation
Field Service Engineer,Hardware Troubleshooting Installation Customer Service Networking Documentation
Senior Field Service Engineer,Hardware Troubleshooting Installation Customer Service Networking Documentation Team Leadership Mentoring
Lead Field Service Engineer,Hardware Troubleshooting Installation Customer Service Networking Documentation Team Leadership Mentoring
Principal Field Service Engineer,Hardware Troubleshooting Installation Customer Service Networking Documentation Team Leadership Mentoring
Junior Database Administrator,SQL Database Design Indexing Backup Recovery Performance Tuning Oracle PostgreSQL
Associate Database Administrator,SQL Database Design Indexing Backup Recovery Performance Tuning Oracle PostgreSQL
Database Administrator,SQL Database Design Indexing Backup Recovery Performance Tuning Oracle PostgreSQL
Senior Database Administrator,SQL Database Design Indexing Backup Recovery Performance Tuning Oracle PostgreSQL Team Leadership Mentoring
Lead Database Administrator,SQL Database Design Indexing Backup Recovery Performance Tuning Oracle PostgreSQL Team Leadership Mentoring
Principal Database Administrator,SQL Database Design Indexing Backup Recovery Performance Tuning Oracle PostgreSQL Team Leadership Mentoring
Junior IT Auditor,Auditing IT Governance Risk Assessment Compliance Security Documentation
Associate IT Auditor,Auditing IT Governance Risk Assessment Compliance Security Documentation
IT Auditor,Auditing IT Governance Risk Assessment Compliance Security Documentation
Senior IT Auditor,Auditing IT Governance Risk Assessment Compliance Security Documentation Team Leadership Mentoring
Lead IT Auditor,Auditing IT Governance Risk Assessment Compliance Security Documentation Team Leadership Mentoring
Principal IT Auditor,Auditing IT Governance Risk Assessment Compliance Security Documentation Team Leadership Mentoring
Junior UI/UX Designer,UI Design Wireframing Figma User Research Prototyping Accessibility Visual Design
Associate UI/UX Designer,UI Design Wireframing Figma User Research Prototyping Accessibility Visual Design
UI/UX Designer,UI Design Wireframing Figma User Research Prototyping Accessibility Visual Design
Senior UI/UX Designer,UI Design Wireframing Figma User Research Prototyping Accessibility Visual Design Team Leadership Mentoring
Lead UI/UX Designer,UI Design Wireframing Figma User Research Prototyping Accessibility Visual Design Team Leadership Mentoring
Principal UI/UX Designer,UI Design Wireframing Figma User Research Prototyping Accessibility Visual Design Team Leadership Mentoring
Junior UX Researcher,User Research Interviews Usability Testing Data Analysis Surveys Personas
Associate UX Researcher,User Research Interviews Usability Testing Data Analysis Surveys Personas
UX Researcher,User Research Interviews Usability Testing Data Analysis Surveys Personas
Senior UX Researcher,User Research Interviews Usability Testing Data Analysis Surveys Personas Team Leadership Mentoring
Lead UX Researcher,User Research Interviews Usability Testing Data Analysis Surveys Personas Team Leadership Mentoring
Principal UX Researcher,User Research Interviews Usability Testing Data Analysis Surveys Personas Team Leadership Mentoring
Junior UX Writer,UX Writing Content Strategy Microcopy Communication User Research Editing
Associate UX Writer,UX Writing Content Strategy Microcopy Communication User Research Editing
UX Writer,UX Writing Content Strategy Microcopy Communication User Research Editing
Senior UX Writer,UX Writing Content Strategy Microcopy Communication User Research Editing Team Leadership Mentoring
Lead UX Writer,UX Writing Content Strategy Microcopy Communication User Research Editing Team Leadership Mentoring
Principal UX Writer,UX Writing Content Strategy Microcopy Communication User Research Editing Team Leadership Mentoring
Junior Interaction Designer,Interaction Design Prototyping Wireframing Figma User Flows Usability
Associate Interaction Designer,Interaction Design Prototyping Wireframing Figma User Flows Usability
Interaction Designer,Interaction Design Prototyping Wireframing Figma User Flows Usability
Senior Interaction Designer,Interaction Design Prototyping Wireframing Figma User Flows Usability Team Leadership Mentoring
Lead Interaction Designer,Interaction Design Prototyping Wireframing Figma User Flows Usability Team Leadership Mentoring
Principal Interaction Designer,Interaction Design Prototyping Wireframing Figma User Flows Usability Team Leadership Mentoring
Junior Visual Designer,Visual Design Typography Color Theory Figma Adobe Illustrator Branding
Associate Visual Designer,Visual Design Typography Color Theory Figma Adobe Illustrator Branding
Visual Designer,Visual Design Typography Color Theory Figma Adobe Illustrator Branding
Senior Visual Designer,Visual Design Typography Color Theory Figma Adobe Illustrator Branding Team Leadership Mentoring
Lead Visual Designer,Visual Design Typography Color Theory Figma Adobe Illustrator Branding Team Leadership Mentoring
Principal Visual Designer,Visual Design Typography Color Theory Figma Adobe Illustrator Branding Team Leadership Mentoring
Junior Product Designer,Product Design UI Design UX Research Prototyping Figma Design Systems
Associate Product Designer,Product Design UI Design UX Research Prototyping Figma Design Systems
Product Designer,Product Design UI Design UX Research Prototyping Figma Design Systems
Senior Product Designer,Product Design UI Design UX Research Prototyping Figma Design Systems Team Leadership Mentoring
Lead Product Designer,Product Design UI Design UX Research Prototyping Figma Design Systems Team Leadership Mentoring
Principal Product Designer,Product Design UI Design UX Research Prototyping Figma Design Systems Team Leadership Mentoring
Junior Web Designer,Web Design HTML CSS Figma UI Design Responsive Design Wireframing
Associate Web Designer,Web Design HTML CSS Figma UI Design Responsive Design Wireframing
Web Designer,Web Design HTML CSS Figma UI Design Responsive Design Wireframing
Senior Web Designer,Web Design HTML CSS Figma UI Design Responsive Design Wireframing Team Leadership Mentoring
Lead Web Designer,Web Design HTML CSS Figma UI Design Responsive Design Wireframing Team Leadership Mentoring
Principal Web Designer,Web Design HTML CSS Figma UI Design Responsive Design Wireframing Team Leadership Mentoring
Junior Graphic Designer,Graphic Design Adobe Photoshop Illustrator Typography Branding Layout Design
Associate Graphic Designer,Graphic Design Adobe Photoshop Illustrator Typography Branding Layout Design
Graphic Designer,Graphic Design Adobe Photoshop Illustrator Typography Branding Layout Design
Senior Graphic Designer,Graphic Design Adobe Photoshop Illustrator Typography Branding Layout Design Team Leadership Mentoring
Lead Graphic Designer,Graphic Design Adobe Photoshop Illustrator Typography Branding Layout Design Team Leadership Mentoring
Principal Graphic Designer,Graphic Design Adobe Photoshop Illustrator Typography Branding Layout Design Team Leadership Mentoring
Junior Brand Designer,Brand Identity Logo Design Typography Adobe Illustrator Visual Storytelling
Associate Brand Designer,Brand Identity Logo Design Typography Adobe Illustrator Visual Storytelling
Brand Designer,Brand Identity Logo Design Typography Adobe Illustrator Visual Storytelling
Senior Brand Designer,Brand Identity Logo Design Typography Adobe Illustrator Visual Storytelling Team Leadership Mentoring
Lead Brand Designer,Brand Identity Logo Design Typography Adobe Illustrator Visual Storytelling Team Leadership Mentoring
Principal Brand Designer,Brand Identity Logo Design Typography Adobe Illustrator Visual Storytelling Team Leadership Mentoring
Junior Packaging Designer,Packaging Design Adobe Illustrator Print Production Typography Branding
Associate Packaging Designer,Packaging Design Adobe Illustrator Print Production Typography Branding
Packaging Designer,Packaging Design Adobe Illustrator Print Production Typography Branding
Senior Packaging Designer,Packaging Design Adobe Illustrator Print Production Typography Branding Team Leadership Mentoring
Lead Packaging Designer,Packaging Design Adobe Illustrator Print Production Typography Branding Team Leadership Mentoring
Principal Packaging Designer,Packaging Design Adobe Illustrator Print Production Typography Branding Team Leadership Mentoring
Junior Print Designer,Print Design Adobe InDesign Typography Layout Design Prepress
Associate Print Designer,Print Design Adobe InDesign Typography Layout Design Prepress
Print Designer,Print Design Adobe InDesign Typography Layout Design Prepress
Senior Print Designer,Print Design Adobe InDesign Typography Layout Design Prepress Team Leadership Mentoring
Lead Print Designer,Print Design Adobe InDesign Typography Layout Design Prepress Team Leadership Mentoring
Principal Print Designer,Print Design Adobe InDesign Typography Layout Design Prepress Team Leadership Mentoring
Junior Editorial Designer,Editorial Design Typography Adobe InDesign Layout Design Publishing
Associate Editorial Designer,Editorial Design Typography Adobe InDesign Layout Design Publishing
Editorial Designer,Editorial Design Typography Adobe InDesign Layout Design Publishing
Senior Editorial Designer,Editorial Design Typography Adobe InDesign Layout Design Publishing Team Leadership Mentoring
Lead Editorial Designer,Editorial Design Typography Adobe InDesign Layout Design Publishing Team Leadership Mentoring
Principal Editorial Designer,Editorial Design Typography Adobe InDesign Layout Design Publishing Team Leadership Mentoring
Junior Layout Designer,Layout Design Typography Adobe InDesign Grid Systems Print Design
Associate Layout Designer,Layout Design Typography Adobe InDesign Grid Systems Print Design
Layout Designer,Layout Design Typography Adobe InDesign Grid Systems Print Design
Senior Layout Designer,Layout Design Typography Adobe InDesign Grid Systems Print Design Team Leadership Mentoring
Lead Layout Designer,Layout Design Typography Adobe InDesign Grid Systems Print Design Team Leadership Mentoring
Principal Layout Designer,Layout Design Typography Adobe InDesign Grid Systems Print Design Team Leadership Mentoring
Junior Typography Designer,Typography Font Design Adobe Illustrator Layout Design Branding
Associate Typography Designer,Typography Font Design Adobe Illustrator Layout Design Branding
Typography Designer,Typography Font Design Adobe Illustrator Layout Design Branding
Senior Typography Designer,Typography Font Design Adobe Illustrator Layout Design Branding Team Leadership Mentoring
Lead Typography Designer,Typography Font Design Adobe Illustrator Layout Design Branding Team Leadership Mentoring
Principal Typography Designer,Typography Font Design Adobe Illustrator Layout Design Branding Team Leadership Mentoring
Junior Logo Designer,Logo Design Branding Adobe Illustrator Typography Visual Identity
Associate Logo Designer,Logo Design Branding Adobe Illustrator Typography Visual Identity
Logo Designer,Logo Design Branding Adobe Illustrator Typography Visual Identity
Senior Logo Designer,Logo Design Branding Adobe Illustrator Typography Visual Identity Team Leadership Mentoring
Lead Logo Designer,Logo Design Branding Adobe Illustrator Typography Visual Identity Team Leadership Mentoring
Principal Logo Designer,Logo Design Branding Adobe Illustrator Typography Visual Identity Team Leadership Mentoring
Junior Industrial Designer,Industrial Design CAD Prototyping Sketching Ergonomics Materials Knowledge
Associate Industrial Designer,Industrial Design CAD Prototyping Sketching Ergonomics Materials Knowledge
Industrial Designer,Industrial Design CAD Prototyping Sketching Ergonomics Materials Knowledge
Senior Industrial Designer,Industrial Design CAD Prototyping Sketching Ergonomics Materials Knowledge Team Leadership Mentoring
Lead Industrial Designer,Industrial Design CAD Prototyping Sketching Ergonomics Materials Knowledge Team Leadership Mentoring
Principal Industrial Designer,Industrial Design CAD Prototyping Sketching Ergonomics Materials Knowledge Team Leadership Mentoring
Junior Interior Designer,Interior Design Space Planning AutoCAD 3D Rendering Material Selection
Associate Interior Designer,Interior Design Space Planning AutoCAD 3D Rendering Material Selection
Interior Designer,Interior Design Space Planning AutoCAD 3D Rendering Material Selection
Senior Interior Designer,Interior Design Space Planning AutoCAD 3D Rendering Material Selection Team Leadership Mentoring
Lead Interior Designer,Interior Design Space Planning AutoCAD 3D Rendering Material Selection Team Leadership Mentoring
Principal Interior Designer,Interior Design Space Planning AutoCAD 3D Rendering Material Selection Team Leadership Mentoring
Junior Fashion Designer,Fashion Design Sketching Pattern Making Textile Knowledge Adobe Illustrator
Associate Fashion Designer,Fashion Design Sketching Pattern Making Textile Knowledge Adobe Illustrator
Fashion Designer,Fashion Design Sketching Pattern Making Textile Knowledge Adobe Illustrator
Senior Fashion Designer,Fashion Design Sketching Pattern Making Textile Knowledge Adobe Illustrator Team Leadership Mentoring
Lead Fashion Designer,Fashion Design Sketching Pattern Making Textile Knowledge Adobe Illustrator Team Leadership Mentoring
Principal Fashion Designer,Fashion Design Sketching Pattern Making Textile Knowledge Adobe Illustrator Team Leadership Mentoring
Junior Set Designer,Set Design Sketching Scale Modeling Spatial Planning Collaboration
Associate Set Designer,Set Design Sketching Scale Modeling Spatial Planning Collaboration
Set Designer,Set Design Sketching Scale Modeling Spatial Planning Collaboration
Senior Set Designer,Set Design Sketching Scale Modeling Spatial Planning Collaboration Team Leadership Mentoring
Lead Set Designer,Set Design Sketching Scale Modeling Spatial Planning Collaboration Team Leadership Mentoring
Principal Set Designer,Set Design Sketching Scale Modeling Spatial Planning Collaboration Team Leadership Mentoring
Junior Costume Designer,Costume Design Sketching Sewing Fabric Knowledge Historical Research
Associate Costume Designer,Costume Design Sketching Sewing Fabric Knowledge Historical Research
Costume Designer,Costume Design Sketching Sewing Fabric Knowledge Historical Research
Senior Costume Designer,Costume Design Sketching Sewing Fabric Knowledge Historical Research Team Leadership Mentoring
Lead Costume Designer,Costume Design Sketching Sewing Fabric Knowledge Historical Research Team Leadership Mentoring
Principal Costume Designer,Costume Design Sketching Sewing Fabric Knowledge Historical Research Team Leadership Mentoring
Junior Lighting Designer,Lighting Design Stage Lighting Technical Drawing Programming Consoles Collaboration
Associate Lighting Designer,Lighting Design Stage Lighting Technical Drawing Programming Consoles Collaboration
Lighting Designer,Lighting Design Stage Lighting Technical Drawing Programming Consoles Collaboration
Senior Lighting Designer,Lighting Design Stage Lighting Technical Drawing Programming Consoles Collaboration Team Leadership Mentoring
Lead Lighting Designer,Lighting Design Stage Lighting Technical Drawing Programming Consoles Collaboration Team Leadership Mentoring
Principal Lighting Designer,Lighting Design Stage Lighting Technical Drawing Programming Consoles Collaboration Team Leadership Mentoring
Junior Exhibit Designer,Exhibit Design Spatial Planning 3D Rendering Storytelling Fabrication Knowledge
Associate Exhibit Designer,Exhibit Design Spatial Planning 3D Rendering Storytelling Fabrication Knowledge
Exhibit Designer,Exhibit Design Spatial Planning 3D Rendering Storytelling Fabrication Knowledge
Senior Exhibit Designer,Exhibit Design Spatial Planning 3D Rendering Storytelling Fabrication Knowledge Team Leadership Mentoring
Lead Exhibit Designer,Exhibit Design Spatial Planning 3D Rendering Storytelling Fabrication Knowledge Team Leadership Mentoring
Principal Exhibit Designer,Exhibit Design Spatial Planning 3D Rendering Storytelling Fabrication Knowledge Team Leadership Mentoring
Junior Illustrator,Illustration Adobe Illustrator Drawing Digital Painting Concept Art Storytelling
Associate Illustrator,Illustration Adobe Illustrator Drawing Digital Painting Concept Art Storytelling
Illustrator,Illustration Adobe Illustrator Drawing Digital Painting Concept Art Storytelling
Senior Illustrator,Illustration Adobe Illustrator Drawing Digital Painting Concept Art Storytelling Team Leadership Mentoring
Lead Illustrator,Illustration Adobe Illustrator Drawing Digital Painting Concept Art Storytelling Team Leadership Mentoring
Principal Illustrator,Illustration Adobe Illustrator Drawing Digital Painting Concept Art Storytelling Team Leadership Mentoring
Junior Concept Artist,Concept Art Digital Painting Character Design Environment Design Storyboarding
Associate Concept Artist,Concept Art Digital Painting Character Design Environment Design Storyboarding
Concept Artist,Concept Art Digital Painting Character Design Environment Design Storyboarding
Senior Concept Artist,Concept Art Digital Painting Character Design Environment Design Storyboarding Team Leadership Mentoring
Lead Concept Artist,Concept Art Digital Painting Character Design Environment Design Storyboarding Team Leadership Mentoring
Principal Concept Artist,Concept Art Digital Painting Character Design Environment Design Storyboarding Team Leadership Mentoring
Junior Storyboard Artist,Storyboarding Sketching Visual Storytelling Shot Composition Adobe Photoshop
Associate Storyboard Artist,Storyboarding Sketching Visual Storytelling Shot Composition Adobe Photoshop
Storyboard Artist,Storyboarding Sketching Visual Storytelling Shot Composition Adobe Photoshop
Senior Storyboard Artist,Storyboarding Sketching Visual Storytelling Shot Composition Adobe Photoshop Team Leadership Mentoring
Lead Storyboard Artist,Storyboarding Sketching Visual Storytelling Shot Composition Adobe Photoshop Team Leadership Mentoring
Principal Storyboard Artist,Storyboarding Sketching Visual Storytelling Shot Composition Adobe Photoshop Team Leadership Mentoring
Junior Design Lead,Design Leadership Design Systems Mentoring Figma Stakeholder Management User Research
Associate Design Lead,Design Leadership Design Systems Mentoring Figma Stakeholder Management User Research
Design Lead,Design Leadership Design Systems Mentoring Figma Stakeholder Management User Research
Senior Design Lead,Design Leadership Design Systems Mentoring Figma Stakeholder Management User Research Team Leadership Mentoring
Lead Design Lead,Design Leadership Design Systems Mentoring Figma Stakeholder Management User Research Team Leadership Mentoring
Principal Design Lead,Design Leadership Design Systems Mentoring Figma Stakeholder Management User Research Team Leadership Mentoring
Junior Design Manager,Design Leadership Team Management Design Systems Stakeholder Management Hiring
Associate Design Manager,Design Leadership Team Management Design Systems Stakeholder Management Hiring
Design Manager,Design Leadership Team Management Design Systems Stakeholder Management Hiring
Senior Design Manager,Design Leadership Team Management Design Systems Stakeholder Management Hiring Team Leadership Mentoring
Lead Design Manager,Design Leadership Team Management Design Systems Stakeholder Management Hiring Team Leadership Mentoring
Principal Design Manager,Design Leadership Team Management Design Systems Stakeholder Management Hiring Team Leadership Mentoring
Junior Creative Director,Creative Direction Brand Strategy Team Leadership Concept Development Client Presentations
Associate Creative Director,Creative Direction Brand Strategy Team Leadership Concept Development Client Presentations
Creative Director,Creative Direction Brand Strategy Team Leadership Concept Development Client Presentations
Senior Creative Director,Creative Direction Brand Strategy Team Leadership Concept Development Client Presentations Team Leadership Mentoring
Lead Creative Director,Creative Direction Brand Strategy Team Leadership Concept Development Client Presentations Team Leadership Mentoring
Principal Creative Director,Creative Direction Brand Strategy Team Leadership Concept Development Client Presentations Team Leadership Mentoring
Junior Art Director,Art Direction Visual Storytelling Team Leadership Brand Strategy Adobe Creative Suite
Associate Art Director,Art Direction Visual Storytelling Team Leadership Brand Strategy Adobe Creative Suite
Art Director,Art Direction Visual Storytelling Team Leadership Brand Strategy Adobe Creative Suite
Senior Art Director,Art Direction Visual Storytelling Team Leadership Brand Strategy Adobe Creative Suite Team Leadership Mentoring
Lead Art Director,Art Direction Visual Storytelling Team Leadership Brand Strategy Adobe Creative Suite Team Leadership Mentoring
Principal Art Director,Art Direction Visual Storytelling Team Leadership Brand Strategy Adobe Creative Suite Team Leadership Mentoring
Junior Broadcast Designer,Broadcast Graphics Motion Design After Effects Branding Video Production
Associate Broadcast Designer,Broadcast Graphics Motion Design After Effects Branding Video Production
Broadcast Designer,Broadcast Graphics Motion Design After Effects Branding Video Production
Senior Broadcast Designer,Broadcast Graphics Motion Design After Effects Branding Video Production Team Leadership Mentoring
Lead Broadcast Designer,Broadcast Graphics Motion Design After Effects Branding Video Production Team Leadership Mentoring
Principal Broadcast Designer,Broadcast Graphics Motion Design After Effects Branding Video Production Team Leadership Mentoring
Junior Video Editor,Video Editing Adobe Premiere Pro After Effects Storytelling Color Grading Audio Editing
Associate Video Editor,Video Editing Adobe Premiere Pro After Effects Storytelling Color Grading Audio Editing
Video Editor,Video Editing Adobe Premiere Pro After Effects Storytelling Color Grading Audio Editing
Senior Video Editor,Video Editing Adobe Premiere Pro After Effects Storytelling Color Grading Audio Editing Team Leadership Mentoring
Lead Video Editor,Video Editing Adobe Premiere Pro After Effects Storytelling Color Grading Audio Editing Team Leadership Mentoring
Principal Video Editor,Video Editing Adobe Premiere Pro After Effects Storytelling Color Grading Audio Editing Team Leadership Mentoring
Junior YouTube Video Editor,Video Editing Adobe Premiere Pro Thumbnail Design Pacing Storytelling Retention Optimization
Associate YouTube Video Editor,Video Editing Adobe Premiere Pro Thumbnail Design Pacing Storytelling Retention Optimization
YouTube Video Editor,Video Editing Adobe Premiere Pro Thumbnail Design Pacing Storytelling Retention Optimization
Senior YouTube Video Editor,Video Editing Adobe Premiere Pro Thumbnail Design Pacing Storytelling Retention Optimization Team Leadership Mentoring
Lead YouTube Video Editor,Video Editing Adobe Premiere Pro Thumbnail Design Pacing Storytelling Retention Optimization Team Leadership Mentoring
Principal YouTube Video Editor,Video Editing Adobe Premiere Pro Thumbnail Design Pacing Storytelling Retention Optimization Team Leadership Mentoring
Junior Social Media Video Editor,Video Editing Short Form Content Adobe Premiere Pro Captioning Pacing Trend Awareness
Associate Social Media Video Editor,Video Editing Short Form Content Adobe Premiere Pro Captioning Pacing Trend Awareness
Social Media Video Editor,Video Editing Short Form Content Adobe Premiere Pro Captioning Pacing Trend Awareness
Senior Social Media Video Editor,Video Editing Short Form Content Adobe Premiere Pro Captioning Pacing Trend Awareness Team Leadership Mentoring
Lead Social Media Video Editor,Video Editing Short Form Content Adobe Premiere Pro Captioning Pacing Trend Awareness Team Leadership Mentoring
Principal Social Media Video Editor,Video Editing Short Form Content Adobe Premiere Pro Captioning Pacing Trend Awareness Team Leadership Mentoring
Junior Documentary Editor,Video Editing Storytelling Adobe Premiere Pro Archival Research Pacing Sound Design
Associate Documentary Editor,Video Editing Storytelling Adobe Premiere Pro Archival Research Pacing Sound Design
Documentary Editor,Video Editing Storytelling Adobe Premiere Pro Archival Research Pacing Sound Design
Senior Documentary Editor,Video Editing Storytelling Adobe Premiere Pro Archival Research Pacing Sound Design Team Leadership Mentoring
Lead Documentary Editor,Video Editing Storytelling Adobe Premiere Pro Archival Research Pacing Sound Design Team Leadership Mentoring
Principal Documentary Editor,Video Editing Storytelling Adobe Premiere Pro Archival Research Pacing Sound Design Team Leadership Mentoring
Junior Film Editor,Video Editing Adobe Premiere Pro Avid Media Composer Storytelling Color Grading Sound Design
Associate Film Editor,Video Editing Adobe Premiere Pro Avid Media Composer Storytelling Color Grading Sound Design
Film Editor,Video Editing Adobe Premiere Pro Avid Media Composer Storytelling Color Grading Sound Design
Senior Film Editor,Video Editing Adobe Premiere Pro Avid Media Composer Storytelling Color Grading Sound Design Team Leadership Mentoring
Lead Film Editor,Video Editing Adobe Premiere Pro Avid Media Composer Storytelling Color Grading Sound Design Team Leadership Mentoring
Principal Film Editor,Video Editing Adobe Premiere Pro Avid Media Composer Storytelling Color Grading Sound Design Team Leadership Mentoring
Junior Trailer Editor,Video Editing Pacing Storytelling Adobe Premiere Pro Sound Design Marketing Awareness
Associate Trailer Editor,Video Editing Pacing Storytelling Adobe Premiere Pro Sound Design Marketing Awareness
Trailer Editor,Video Editing Pacing Storytelling Adobe Premiere Pro Sound Design Marketing Awareness
Senior Trailer Editor,Video Editing Pacing Storytelling Adobe Premiere Pro Sound Design Marketing Awareness Team Leadership Mentoring
Lead Trailer Editor,Video Editing Pacing Storytelling Adobe Premiere Pro Sound Design Marketing Awareness Team Leadership Mentoring
Principal Trailer Editor,Video Editing Pacing Storytelling Adobe Premiere Pro Sound Design Marketing Awareness Team Leadership Mentoring
Junior Colorist,Color Grading DaVinci Resolve Color Theory Video Editing Visual Storytelling
Associate Colorist,Color Grading DaVinci Resolve Color Theory Video Editing Visual Storytelling
Colorist,Color Grading DaVinci Resolve Color Theory Video Editing Visual Storytelling
Senior Colorist,Color Grading DaVinci Resolve Color Theory Video Editing Visual Storytelling Team Leadership Mentoring
Lead Colorist,Color Grading DaVinci Resolve Color Theory Video Editing Visual Storytelling Team Leadership Mentoring
Principal Colorist,Color Grading DaVinci Resolve Color Theory Video Editing Visual Storytelling Team Leadership Mentoring
Junior VFX Artist,Visual Effects Compositing After Effects Nuke 3D Tracking Rendering
Associate VFX Artist,Visual Effects Compositing After Effects Nuke 3D Tracking Rendering
VFX Artist,Visual Effects Compositing After Effects Nuke 3D Tracking Rendering
Senior VFX Artist,Visual Effects Compositing After Effects Nuke 3D Tracking Rendering Team Leadership Mentoring
Lead VFX Artist,Visual Effects Compositing After Effects Nuke 3D Tracking Rendering Team Leadership Mentoring
Principal VFX Artist,Visual Effects Compositing After Effects Nuke 3D Tracking Rendering Team Leadership Mentoring
Junior Compositor,Compositing Nuke After Effects Rotoscoping Color Matching Rendering
Associate Compositor,Compositing Nuke After Effects Rotoscoping Color Matching Rendering
Compositor,Compositing Nuke After Effects Rotoscoping Color Matching Rendering
Senior Compositor,Compositing Nuke After Effects Rotoscoping Color Matching Rendering Team Leadership Mentoring
Lead Compositor,Compositing Nuke After Effects Rotoscoping Color Matching Rendering Team Leadership Mentoring
Principal Compositor,Compositing Nuke After Effects Rotoscoping Color Matching Rendering Team Leadership Mentoring
Junior Rigger,Rigging 3D Modeling Maya Character Setup Animation Pipeline Scripting
Associate Rigger,Rigging 3D Modeling Maya Character Setup Animation Pipeline Scripting
Rigger,Rigging 3D Modeling Maya Character Setup Animation Pipeline Scripting
Senior Rigger,Rigging 3D Modeling Maya Character Setup Animation Pipeline Scripting Team Leadership Mentoring
Lead Rigger,Rigging 3D Modeling Maya Character Setup Animation Pipeline Scripting Team Leadership Mentoring
Principal Rigger,Rigging 3D Modeling Maya Character Setup Animation Pipeline Scripting Team Leadership Mentoring
Junior Character Animator,Character Animation Maya Blender Rigging Timing Storytelling
Associate Character Animator,Character Animation Maya Blender Rigging Timing Storytelling
Character Animator,Character Animation Maya Blender Rigging Timing Storytelling
Senior Character Animator,Character Animation Maya Blender Rigging Timing Storytelling Team Leadership Mentoring
Lead Character Animator,Character Animation Maya Blender Rigging Timing Storytelling Team Leadership Mentoring
Principal Character Animator,Character Animation Maya Blender Rigging Timing Storytelling Team Leadership Mentoring
Junior 2D Animator,2D Animation Adobe Animate Storyboarding Timing Character Design Drawing
Associate 2D Animator,2D Animation Adobe Animate Storyboarding Timing Character Design Drawing
2D Animator,2D Animation Adobe Animate Storyboarding Timing Character Design Drawing
Senior 2D Animator,2D Animation Adobe Animate Storyboarding Timing Character Design Drawing Team Leadership Mentoring
Lead 2D Animator,2D Animation Adobe Animate Storyboarding Timing Character Design Drawing Team Leadership Mentoring
Principal 2D Animator,2D Animation Adobe Animate Storyboarding Timing Character Design Drawing Team Leadership Mentoring
Junior 3D Animator,3D Animation Maya Blender Rigging Rendering Storytelling Timing
Associate 3D Animator,3D Animation Maya Blender Rigging Rendering Storytelling Timing
3D Animator,3D Animation Maya Blender Rigging Rendering Storytelling Timing
Senior 3D Animator,3D Animation Maya Blender Rigging Rendering Storytelling Timing Team Leadership Mentoring
Lead 3D Animator,3D Animation Maya Blender Rigging Rendering Storytelling Timing Team Leadership Mentoring
Principal 3D Animator,3D Animation Maya Blender Rigging Rendering Storytelling Timing Team Leadership Mentoring
Junior Motion Graphics Designer,After Effects Motion Design Animation Video Editing Adobe Illustrator
Associate Motion Graphics Designer,After Effects Motion Design Animation Video Editing Adobe Illustrator
Motion Graphics Designer,After Effects Motion Design Animation Video Editing Adobe Illustrator
Senior Motion Graphics Designer,After Effects Motion Design Animation Video Editing Adobe Illustrator Team Leadership Mentoring
Lead Motion Graphics Designer,After Effects Motion Design Animation Video Editing Adobe Illustrator Team Leadership Mentoring
Principal Motion Graphics Designer,After Effects Motion Design Animation Video Editing Adobe Illustrator Team Leadership Mentoring
Junior Motion Designer,Motion Design After Effects Animation Typography Video Editing Storytelling
Associate Motion Designer,Motion Design After Effects Animation Typography Video Editing Storytelling
Motion Designer,Motion Design After Effects Animation Typography Video Editing Storytelling
Senior Motion Designer,Motion Design After Effects Animation Typography Video Editing Storytelling Team Leadership Mentoring
Lead Motion Designer,Motion Design After Effects Animation Typography Video Editing Storytelling Team Leadership Mentoring
Principal Motion Designer,Motion Design After Effects Animation Typography Video Editing Storytelling Team Leadership Mentoring
Junior Title Designer,Title Design Motion Graphics After Effects Typography Branding Video Editing
Associate Title Designer,Title Design Motion Graphics After Effects Typography Branding Video Editing
Title Designer,Title Design Motion Graphics After Effects Typography Branding Video Editing
Senior Title Designer,Title Design Motion Graphics After Effects Typography Branding Video Editing Team Leadership Mentoring
Lead Title Designer,Title Design Motion Graphics After Effects Typography Branding Video Editing Team Leadership Mentoring
Principal Title Designer,Title Design Motion Graphics After Effects Typography Branding Video Editing Team Leadership Mentoring
Junior 3D Artist,Blender Maya 3D Modeling Texturing Animation Rendering Lighting
Associate 3D Artist,Blender Maya 3D Modeling Texturing Animation Rendering Lighting
3D Artist,Blender Maya 3D Modeling Texturing Animation Rendering Lighting
Senior 3D Artist,Blender Maya 3D Modeling Texturing Animation Rendering Lighting Team Leadership Mentoring
Lead 3D Artist,Blender Maya 3D Modeling Texturing Animation Rendering Lighting Team Leadership Mentoring
Principal 3D Artist,Blender Maya 3D Modeling Texturing Animation Rendering Lighting Team Leadership Mentoring
Junior Animator,Animation Storyboarding Adobe Animate After Effects Timing Character Design
Associate Animator,Animation Storyboarding Adobe Animate After Effects Timing Character Design
Animator,Animation Storyboarding Adobe Animate After Effects Timing Character Design
Senior Animator,Animation Storyboarding Adobe Animate After Effects Timing Character Design Team Leadership Mentoring
Lead Animator,Animation Storyboarding Adobe Animate After Effects Timing Character Design Team Leadership Mentoring
Principal Animator,Animation Storyboarding Adobe Animate After Effects Timing Character Design Team Leadership Mentoring
Junior Sound Engineer,Audio Engineering Sound Design Mixing Mastering Pro Tools Acoustics
Associate Sound Engineer,Audio Engineering Sound Design Mixing Mastering Pro Tools Acoustics
Sound Engineer,Audio Engineering Sound Design Mixing Mastering Pro Tools Acoustics
Senior Sound Engineer,Audio Engineering Sound Design Mixing Mastering Pro Tools Acoustics Team Leadership Mentoring
Lead Sound Engineer,Audio Engineering Sound Design Mixing Mastering Pro Tools Acoustics Team Leadership Mentoring
Principal Sound Engineer,Audio Engineering Sound Design Mixing Mastering Pro Tools Acoustics Team Leadership Mentoring
Junior Sound Designer,Sound Design Audio Editing Pro Tools Foley Field Recording Mixing
Associate Sound Designer,Sound Design Audio Editing Pro Tools Foley Field Recording Mixing
Sound Designer,Sound Design Audio Editing Pro Tools Foley Field Recording Mixing
Senior Sound Designer,Sound Design Audio Editing Pro Tools Foley Field Recording Mixing Team Leadership Mentoring
Lead Sound Designer,Sound Design Audio Editing Pro Tools Foley Field Recording Mixing Team Leadership Mentoring
Principal Sound Designer,Sound Design Audio Editing Pro Tools Foley Field Recording Mixing Team Leadership Mentoring
Junior Foley Artist,Foley Sound Design Audio Recording Timing Pro Tools Performance
Associate Foley Artist,Foley Sound Design Audio Recording Timing Pro Tools Performance
Foley Artist,Foley Sound Design Audio Recording Timing Pro Tools Performance
Senior Foley Artist,Foley Sound Design Audio Recording Timing Pro Tools Performance Team Leadership Mentoring
Lead Foley Artist,Foley Sound Design Audio Recording Timing Pro Tools Performance Team Leadership Mentoring
Principal Foley Artist,Foley Sound Design Audio Recording Timing Pro Tools Performance Team Leadership Mentoring
Junior Audio Engineer,Audio Engineering Mixing Mastering Pro Tools Recording Signal Processing
Associate Audio Engineer,Audio Engineering Mixing Mastering Pro Tools Recording Signal Processing
Audio Engineer,Audio Engineering Mixing Mastering Pro Tools Recording Signal Processing
Senior Audio Engineer,Audio Engineering Mixing Mastering Pro Tools Recording Signal Processing Team Leadership Mentoring
Lead Audio Engineer,Audio Engineering Mixing Mastering Pro Tools Recording Signal Processing Team Leadership Mentoring
Principal Audio Engineer,Audio Engineering Mixing Mastering Pro Tools Recording Signal Processing Team Leadership Mentoring
Junior Podcast Editor,Audio Editing Podcast Production Adobe Audition Sound Design Mixing
Associate Podcast Editor,Audio Editing Podcast Production Adobe Audition Sound Design Mixing
Podcast Editor,Audio Editing Podcast Production Adobe Audition Sound Design Mixing
Senior Podcast Editor,Audio Editing Podcast Production Adobe Audition Sound Design Mixing Team Leadership Mentoring
Lead Podcast Editor,Audio Editing Podcast Production Adobe Audition Sound Design Mixing Team Leadership Mentoring
Principal Podcast Editor,Audio Editing Podcast Production Adobe Audition Sound Design Mixing Team Leadership Mentoring
Junior Music Producer,Music Production Mixing Mastering DAW Software Composition Sound Design
Associate Music Producer,Music Production Mixing Mastering DAW Software Composition Sound Design
Music Producer,Music Production Mixing Mastering DAW Software Composition Sound Design
Senior Music Producer,Music Production Mixing Mastering DAW Software Composition Sound Design Team Leadership Mentoring
Lead Music Producer,Music Production Mixing Mastering DAW Software Composition Sound Design Team Leadership Mentoring
Principal Music Producer,Music Production Mixing Mastering DAW Software Composition Sound Design Team Leadership Mentoring
Junior Composer,Music Composition Orchestration DAW Software Music Theory Sound Design
Associate Composer,Music Composition Orchestration DAW Software Music Theory Sound Design
Composer,Music Composition Orchestration DAW Software Music Theory Sound Design
Senior Composer,Music Composition Orchestration DAW Software Music Theory Sound Design Team Leadership Mentoring
Lead Composer,Music Composition Orchestration DAW Software Music Theory Sound Design Team Leadership Mentoring
Principal Composer,Music Composition Orchestration DAW Software Music Theory Sound Design Team Leadership Mentoring
Junior Post-Production Supervisor,Post-Production Workflow Video Editing Team Coordination Project Management Quality Control
Associate Post-Production Supervisor,Post-Production Workflow Video Editing Team Coordination Project Management Quality Control
Post-Production Supervisor,Post-Production Workflow Video Editing Team Coordination Project Management Quality Control
Senior Post-Production Supervisor,Post-Production Workflow Video Editing Team Coordination Project Management Quality Control Team Leadership Mentoring
Lead Post-Production Supervisor,Post-Production Workflow Video Editing Team Coordination Project Management Quality Control Team Leadership Mentoring
Principal Post-Production Supervisor,Post-Production Workflow Video Editing Team Coordination Project Management Quality Control Team Leadership Mentoring
Junior Photographer,Photography Photo Editing Lightroom Composition Lighting Adobe Photoshop
Associate Photographer,Photography Photo Editing Lightroom Composition Lighting Adobe Photoshop
Photographer,Photography Photo Editing Lightroom Composition Lighting Adobe Photoshop
Senior Photographer,Photography Photo Editing Lightroom Composition Lighting Adobe Photoshop Team Leadership Mentoring
Lead Photographer,Photography Photo Editing Lightroom Composition Lighting Adobe Photoshop Team Leadership Mentoring
Principal Photographer,Photography Photo Editing Lightroom Composition Lighting Adobe Photoshop Team Leadership Mentoring
Junior Product Manager,Product Strategy Roadmapping Stakeholder Management Agile Market Research Analytics Communication
Associate Product Manager,Product Strategy Roadmapping Stakeholder Management Agile Market Research Analytics Communication
Product Manager,Product Strategy Roadmapping Stakeholder Management Agile Market Research Analytics Communication
Senior Product Manager,Product Strategy Roadmapping Stakeholder Management Agile Market Research Analytics Communication Team Leadership Mentoring
Lead Product Manager,Product Strategy Roadmapping Stakeholder Management Agile Market Research Analytics Communication Team Leadership Mentoring
Principal Product Manager,Product Strategy Roadmapping Stakeholder Management Agile Market Research Analytics Communication Team Leadership Mentoring
Junior Technical Product Manager,Product Strategy System Design Agile APIs Roadmapping Stakeholder Management Analytics
Associate Technical Product Manager,Product Strategy System Design Agile APIs Roadmapping Stakeholder Management Analytics
Technical Product Manager,Product Strategy System Design Agile APIs Roadmapping Stakeholder Management Analytics
Senior Technical Product Manager,Product Strategy System Design Agile APIs Roadmapping Stakeholder Management Analytics Team Leadership Mentoring
Lead Technical Product Manager,Product Strategy System Design Agile APIs Roadmapping Stakeholder Management Analytics Team Leadership Mentoring
Principal Technical Product Manager,Product Strategy System Design Agile APIs Roadmapping Stakeholder Management Analytics Team Leadership Mentoring
Junior Project Manager,Project Planning Agile Scrum Risk Management Budgeting Stakeholder Management Communication
Associate Project Manager,Project Planning Agile Scrum Risk Management Budgeting Stakeholder Management Communication
Project Manager,Project Planning Agile Scrum Risk Management Budgeting Stakeholder Management Communication
Senior Project Manager,Project Planning Agile Scrum Risk Management Budgeting Stakeholder Management Communication Team Leadership Mentoring
Lead Project Manager,Project Planning Agile Scrum Risk Management Budgeting Stakeholder Management Communication Team Leadership Mentoring
Principal Project Manager,Project Planning Agile Scrum Risk Management Budgeting Stakeholder Management Communication Team Leadership Mentoring
Junior Technical Program Manager,Program Management Cross-functional Coordination Risk Management System Design Agile
Associate Technical Program Manager,Program Management Cross-functional Coordination Risk Management System Design Agile
Technical Program Manager,Program Management Cross-functional Coordination Risk Management System Design Agile
Senior Technical Program Manager,Program Management Cross-functional Coordination Risk Management System Design Agile Team Leadership Mentoring
Lead Technical Program Manager,Program Management Cross-functional Coordination Risk Management System Design Agile Team Leadership Mentoring
Principal Technical Program Manager,Program Management Cross-functional Coordination Risk Management System Design Agile Team Leadership Mentoring
Junior Scrum Master,Scrum Agile Facilitation Sprint Planning Team Coaching Conflict Resolution Jira
Associate Scrum Master,Scrum Agile Facilitation Sprint Planning Team Coaching Conflict Resolution Jira
Scrum Master,Scrum Agile Facilitation Sprint Planning Team Coaching Conflict Resolution Jira
Senior Scrum Master,Scrum Agile Facilitation Sprint Planning Team Coaching Conflict Resolution Jira Team Leadership Mentoring
Lead Scrum Master,Scrum Agile Facilitation Sprint Planning Team Coaching Conflict Resolution Jira Team Leadership Mentoring
Principal Scrum Master,Scrum Agile Facilitation Sprint Planning Team Coaching Conflict Resolution Jira Team Leadership Mentoring
Junior Business Analyst,Requirements Gathering SQL Data Analysis Documentation Stakeholder Management Process Mapping
Associate Business Analyst,Requirements Gathering SQL Data Analysis Documentation Stakeholder Management Process Mapping
Business Analyst,Requirements Gathering SQL Data Analysis Documentation Stakeholder Management Process Mapping
Senior Business Analyst,Requirements Gathering SQL Data Analysis Documentation Stakeholder Management Process Mapping Team Leadership Mentoring
Lead Business Analyst,Requirements Gathering SQL Data Analysis Documentation Stakeholder Management Process Mapping Team Leadership Mentoring
Principal Business Analyst,Requirements Gathering SQL Data Analysis Documentation Stakeholder Management Process Mapping Team Leadership Mentoring
Junior IT Project Coordinator,Project Coordination Scheduling Documentation Communication Agile Stakeholder Management
Associate IT Project Coordinator,Project Coordination Scheduling Documentation Communication Agile Stakeholder Management
IT Project Coordinator,Project Coordination Scheduling Documentation Communication Agile Stakeholder Management
Senior IT Project Coordinator,Project Coordination Scheduling Documentation Communication Agile Stakeholder Management Team Leadership Mentoring
Lead IT Project Coordinator,Project Coordination Scheduling Documentation Communication Agile Stakeholder Management Team Leadership Mentoring
Principal IT Project Coordinator,Project Coordination Scheduling Documentation Communication Agile Stakeholder Management Team Leadership Mentoring
Junior Release Manager,Release Management CI/CD Coordination Risk Management Documentation Agile
Associate Release Manager,Release Management CI/CD Coordination Risk Management Documentation Agile
Release Manager,Release Management CI/CD Coordination Risk Management Documentation Agile
Senior Release Manager,Release Management CI/CD Coordination Risk Management Documentation Agile Team Leadership Mentoring
Lead Release Manager,Release Management CI/CD Coordination Risk Management Documentation Agile Team Leadership Mentoring
Principal Release Manager,Release Management CI/CD Coordination Risk Management Documentation Agile Team Leadership Mentoring
Junior Configuration Manager,Configuration Management Version Control Automation Documentation Change Management
Associate Configuration Manager,Configuration Management Version Control Automation Documentation Change Management
Configuration Manager,Configuration Management Version Control Automation Documentation Change Management
Senior Configuration Manager,Configuration Management Version Control Automation Documentation Change Management Team Leadership Mentoring
Lead Configuration Manager,Configuration Management Version Control Automation Documentation Change Management Team Leadership Mentoring
Principal Configuration Manager,Configuration Management Version Control Automation Documentation Change Management Team Leadership Mentoring
Junior Change Manager,Change Management Stakeholder Management Communication Process Improvement Documentation
Associate Change Manager,Change Management Stakeholder Management Communication Process Improvement Documentation
Change Manager,Change Management Stakeholder Management Communication Process Improvement Documentation
Senior Change Manager,Change Management Stakeholder Management Communication Process Improvement Documentation Team Leadership Mentoring
Lead Change Manager,Change Management Stakeholder Management Communication Process Improvement Documentation Team Leadership Mentoring
Principal Change Manager,Change Management Stakeholder Management Communication Process Improvement Documentation Team Leadership Mentoring
Junior Engineering Manager,Team Leadership Technical Mentorship Project Planning Agile Hiring Communication
Associate Engineering Manager,Team Leadership Technical Mentorship Project Planning Agile Hiring Communication
Engineering Manager,Team Leadership Technical Mentorship Project Planning Agile Hiring Communication
Senior Engineering Manager,Team Leadership Technical Mentorship Project Planning Agile Hiring Communication Team Leadership Mentoring
Lead Engineering Manager,Team Leadership Technical Mentorship Project Planning Agile Hiring Communication Team Leadership Mentoring
Principal Engineering Manager,Team Leadership Technical Mentorship Project Planning Agile Hiring Communication Team Leadership Mentoring
Junior VP of Engineering,Engineering Leadership Team Management Technical Strategy Architecture Hiring
Associate VP of Engineering,Engineering Leadership Team Management Technical Strategy Architecture Hiring
VP of Engineering,Engineering Leadership Team Management Technical Strategy Architecture Hiring
Senior VP of Engineering,Engineering Leadership Team Management Technical Strategy Architecture Hiring Team Leadership Mentoring
Lead VP of Engineering,Engineering Leadership Team Management Technical Strategy Architecture Hiring Team Leadership Mentoring
Principal VP of Engineering,Engineering Leadership Team Management Technical Strategy Architecture Hiring Team Leadership Mentoring
Junior Chief Technology Officer,Technology Strategy Leadership Architecture Innovation Team Management Budgeting
Associate Chief Technology Officer,Technology Strategy Leadership Architecture Innovation Team Management Budgeting
Chief Technology Officer,Technology Strategy Leadership Architecture Innovation Team Management Budgeting
Senior Chief Technology Officer,Technology Strategy Leadership Architecture Innovation Team Management Budgeting Team Leadership Mentoring
Lead Chief Technology Officer,Technology Strategy Leadership Architecture Innovation Team Management Budgeting Team Leadership Mentoring
Principal Chief Technology Officer,Technology Strategy Leadership Architecture Innovation Team Management Budgeting Team Leadership Mentoring
Junior Chief Information Officer,IT Strategy Leadership Governance Budgeting Cybersecurity Vendor Management
Associate Chief Information Officer,IT Strategy Leadership Governance Budgeting Cybersecurity Vendor Management
Chief Information Officer,IT Strategy Leadership Governance Budgeting Cybersecurity Vendor Management
Senior Chief Information Officer,IT Strategy Leadership Governance Budgeting Cybersecurity Vendor Management Team Leadership Mentoring
Lead Chief Information Officer,IT Strategy Leadership Governance Budgeting Cybersecurity Vendor Management Team Leadership Mentoring
Principal Chief Information Officer,IT Strategy Leadership Governance Budgeting Cybersecurity Vendor Management Team Leadership Mentoring
Junior Data Privacy Officer,Data Privacy Compliance GDPR Risk Assessment Policy Development Legal Knowledge
Associate Data Privacy Officer,Data Privacy Compliance GDPR Risk Assessment Policy Development Legal Knowledge
Data Privacy Officer,Data Privacy Compliance GDPR Risk Assessment Policy Development Legal Knowledge
Senior Data Privacy Officer,Data Privacy Compliance GDPR Risk Assessment Policy Development Legal Knowledge Team Leadership Mentoring
Lead Data Privacy Officer,Data Privacy Compliance GDPR Risk Assessment Policy Development Legal Knowledge Team Leadership Mentoring
Principal Data Privacy Officer,Data Privacy Compliance GDPR Risk Assessment Policy Development Legal Knowledge Team Leadership Mentoring
Junior Compliance Analyst,Regulatory Compliance Risk Assessment Auditing Documentation Policy Development
Associate Compliance Analyst,Regulatory Compliance Risk Assessment Auditing Documentation Policy Development
Compliance Analyst,Regulatory Compliance Risk Assessment Auditing Documentation Policy Development
Senior Compliance Analyst,Regulatory Compliance Risk Assessment Auditing Documentation Policy Development Team Leadership Mentoring
Lead Compliance Analyst,Regulatory Compliance Risk Assessment Auditing Documentation Policy Development Team Leadership Mentoring
Principal Compliance Analyst,Regulatory Compliance Risk Assessment Auditing Documentation Policy Development Team Leadership Mentoring
Junior Risk Analyst,Risk Assessment Statistics Financial Modeling Data Analysis Reporting Compliance
Associate Risk Analyst,Risk Assessment Statistics Financial Modeling Data Analysis Reporting Compliance
Risk Analyst,Risk Assessment Statistics Financial Modeling Data Analysis Reporting Compliance
Senior Risk Analyst,Risk Assessment Statistics Financial Modeling Data Analysis Reporting Compliance Team Leadership Mentoring
Lead Risk Analyst,Risk Assessment Statistics Financial Modeling Data Analysis Reporting Compliance Team Leadership Mentoring
Principal Risk Analyst,Risk Assessment Statistics Financial Modeling Data Analysis Reporting Compliance Team Leadership Mentoring
Junior Financial Analyst,Financial Modeling Excel Forecasting Accounting Data Analysis Reporting Valuation
Associate Financial Analyst,Financial Modeling Excel Forecasting Accounting Data Analysis Reporting Valuation
Financial Analyst,Financial Modeling Excel Forecasting Accounting Data Analysis Reporting Valuation
Senior Financial Analyst,Financial Modeling Excel Forecasting Accounting Data Analysis Reporting Valuation Team Leadership Mentoring
Lead Financial Analyst,Financial Modeling Excel Forecasting Accounting Data Analysis Reporting Valuation Team Leadership Mentoring
Principal Financial Analyst,Financial Modeling Excel Forecasting Accounting Data Analysis Reporting Valuation Team Leadership Mentoring
Junior Investment Analyst,Financial Modeling Valuation Market Research Excel Data Analysis Reporting
Associate Investment Analyst,Financial Modeling Valuation Market Research Excel Data Analysis Reporting
Investment Analyst,Financial Modeling Valuation Market Research Excel Data Analysis Reporting
Senior Investment Analyst,Financial Modeling Valuation Market Research Excel Data Analysis Reporting Team Leadership Mentoring
Lead Investment Analyst,Financial Modeling Valuation Market Research Excel Data Analysis Reporting Team Leadership Mentoring
Principal Investment Analyst,Financial Modeling Valuation Market Research Excel Data Analysis Reporting Team Leadership Mentoring
Junior Accountant,Accounting Bookkeeping Financial Reporting Tax Preparation Excel Auditing
Associate Accountant,Accounting Bookkeeping Financial Reporting Tax Preparation Excel Auditing
Accountant,Accounting Bookkeeping Financial Reporting Tax Preparation Excel Auditing
Senior Accountant,Accounting Bookkeeping Financial Reporting Tax Preparation Excel Auditing Team Leadership Mentoring
Lead Accountant,Accounting Bookkeeping Financial Reporting Tax Preparation Excel Auditing Team Leadership Mentoring
Principal Accountant,Accounting Bookkeeping Financial Reporting Tax Preparation Excel Auditing Team Leadership Mentoring
Junior Auditor,Auditing Compliance Risk Assessment Accounting Documentation Financial Reporting
Associate Auditor,Auditing Compliance Risk Assessment Accounting Documentation Financial Reporting
Auditor,Auditing Compliance Risk Assessment Accounting Documentation Financial Reporting
Senior Auditor,Auditing Compliance Risk Assessment Accounting Documentation Financial Reporting Team Leadership Mentoring
Lead Auditor,Auditing Compliance Risk Assessment Accounting Documentation Financial Reporting Team Leadership Mentoring
Principal Auditor,Auditing Compliance Risk Assessment Accounting Documentation Financial Reporting Team Leadership Mentoring
Junior Actuary,Statistics Probability Risk Assessment Financial Modeling Excel Actuarial Software
Associate Actuary,Statistics Probability Risk Assessment Financial Modeling Excel Actuarial Software
Actuary,Statistics Probability Risk Assessment Financial Modeling Excel Actuarial Software
Senior Actuary,Statistics Probability Risk Assessment Financial Modeling Excel Actuarial Software Team Leadership Mentoring
Lead Actuary,Statistics Probability Risk Assessment Financial Modeling Excel Actuarial Software Team Leadership Mentoring
Principal Actuary,Statistics Probability Risk Assessment Financial Modeling Excel Actuarial Software Team Leadership Mentoring
Junior Economist,Economics Statistics Data Analysis Research Forecasting Econometrics
Associate Economist,Economics Statistics Data Analysis Research Forecasting Econometrics
Economist,Economics Statistics Data Analysis Research Forecasting Econometrics
Senior Economist,Economics Statistics Data Analysis Research Forecasting Econometrics Team Leadership Mentoring
Lead Economist,Economics Statistics Data Analysis Research Forecasting Econometrics Team Leadership Mentoring
Principal Economist,Economics Statistics Data Analysis Research Forecasting Econometrics Team Leadership Mentoring
Junior Legal Counsel,Legal Research Contract Law Compliance Negotiation Documentation Risk Assessment
Associate Legal Counsel,Legal Research Contract Law Compliance Negotiation Documentation Risk Assessment
Legal Counsel,Legal Research Contract Law Compliance Negotiation Documentation Risk Assessment
Senior Legal Counsel,Legal Research Contract Law Compliance Negotiation Documentation Risk Assessment Team Leadership Mentoring
Lead Legal Counsel,Legal Research Contract Law Compliance Negotiation Documentation Risk Assessment Team Leadership Mentoring
Principal Legal Counsel,Legal Research Contract Law Compliance Negotiation Documentation Risk Assessment Team Leadership Mentoring
Junior Paralegal,Legal Research Documentation Case Management Communication Compliance
Associate Paralegal,Legal Research Documentation Case Management Communication Compliance
Paralegal,Legal Research Documentation Case Management Communication Compliance
Senior Paralegal,Legal Research Documentation Case Management Communication Compliance Team Leadership Mentoring
Lead Paralegal,Legal Research Documentation Case Management Communication Compliance Team Leadership Mentoring
Principal Paralegal,Legal Research Documentation Case Management Communication Compliance Team Leadership Mentoring
Junior ERP Consultant,ERP Systems SAP Business Process Configuration Consulting Documentation
Associate ERP Consultant,ERP Systems SAP Business Process Configuration Consulting Documentation
ERP Consultant,ERP Systems SAP Business Process Configuration Consulting Documentation
Senior ERP Consultant,ERP Systems SAP Business Process Configuration Consulting Documentation Team Leadership Mentoring
Lead ERP Consultant,ERP Systems SAP Business Process Configuration Consulting Documentation Team Leadership Mentoring
Principal ERP Consultant,ERP Systems SAP Business Process Configuration Consulting Documentation Team Leadership Mentoring
Junior SAP Consultant,SAP ERP Systems Configuration Business Process Implementation Documentation
Associate SAP Consultant,SAP ERP Systems Configuration Business Process Implementation Documentation
SAP Consultant,SAP ERP Systems Configuration Business Process Implementation Documentation
Senior SAP Consultant,SAP ERP Systems Configuration Business Process Implementation Documentation Team Leadership Mentoring
Lead SAP Consultant,SAP ERP Systems Configuration Business Process Implementation Documentation Team Leadership Mentoring
Principal SAP Consultant,SAP ERP Systems Configuration Business Process Implementation Documentation Team Leadership Mentoring
Junior CRM Administrator,CRM Salesforce Data Management Automation Reporting Configuration
Associate CRM Administrator,CRM Salesforce Data Management Automation Reporting Configuration
CRM Administrator,CRM Salesforce Data Management Automation Reporting Configuration
Senior CRM Administrator,CRM Salesforce Data Management Automation Reporting Configuration Team Leadership Mentoring
Lead CRM Administrator,CRM Salesforce Data Management Automation Reporting Configuration Team Leadership Mentoring
Principal CRM Administrator,CRM Salesforce Data Management Automation Reporting Configuration Team Leadership Mentoring
Junior HR Manager,Recruitment Employee Relations Performance Management HR Policy Communication Conflict Resolution
Associate HR Manager,Recruitment Employee Relations Performance Management HR Policy Communication Conflict Resolution
HR Manager,Recruitment Employee Relations Performance Management HR Policy Communication Conflict Resolution
Senior HR Manager,Recruitment Employee Relations Performance Management HR Policy Communication Conflict Resolution Team Leadership Mentoring
Lead HR Manager,Recruitment Employee Relations Performance Management HR Policy Communication Conflict Resolution Team Leadership Mentoring
Principal HR Manager,Recruitment Employee Relations Performance Management HR Policy Communication Conflict Resolution Team Leadership Mentoring
Junior Talent Acquisition Specialist,Recruitment Sourcing Interviewing Employer Branding Communication Applicant Tracking Systems
Associate Talent Acquisition Specialist,Recruitment Sourcing Interviewing Employer Branding Communication Applicant Tracking Systems
Talent Acquisition Specialist,Recruitment Sourcing Interviewing Employer Branding Communication Applicant Tracking Systems
Senior Talent Acquisition Specialist,Recruitment Sourcing Interviewing Employer Branding Communication Applicant Tracking Systems Team Leadership Mentoring
Lead Talent Acquisition Specialist,Recruitment Sourcing Interviewing Employer Branding Communication Applicant Tracking Systems Team Leadership Mentoring
Principal Talent Acquisition Specialist,Recruitment Sourcing Interviewing Employer Branding Communication Applicant Tracking Systems Team Leadership Mentoring
Junior Recruiter,Sourcing Interviewing Recruitment Communication Applicant Tracking Systems Negotiation
Associate Recruiter,Sourcing Interviewing Recruitment Communication Applicant Tracking Systems Negotiation
Recruiter,Sourcing Interviewing Recruitment Communication Applicant Tracking Systems Negotiation
Senior Recruiter,Sourcing Interviewing Recruitment Communication Applicant Tracking Systems Negotiation Team Leadership Mentoring
Lead Recruiter,Sourcing Interviewing Recruitment Communication Applicant Tracking Systems Negotiation Team Leadership Mentoring
Principal Recruiter,Sourcing Interviewing Recruitment Communication Applicant Tracking Systems Negotiation Team Leadership Mentoring
Junior Training and Development Specialist,Curriculum Design Training Delivery Coaching Needs Assessment Communication
Associate Training and Development Specialist,Curriculum Design Training Delivery Coaching Needs Assessment Communication
Training and Development Specialist,Curriculum Design Training Delivery Coaching Needs Assessment Communication
Senior Training and Development Specialist,Curriculum Design Training Delivery Coaching Needs Assessment Communication Team Leadership Mentoring
Lead Training and Development Specialist,Curriculum Design Training Delivery Coaching Needs Assessment Communication Team Leadership Mentoring
Principal Training and Development Specialist,Curriculum Design Training Delivery Coaching Needs Assessment Communication Team Leadership Mentoring
Junior Digital Marketing Specialist,SEO SEM Content Marketing Social Media Google Analytics Email Marketing Copywriting
Associate Digital Marketing Specialist,SEO SEM Content Marketing Social Media Google Analytics Email Marketing Copywriting
Digital Marketing Specialist,SEO SEM Content Marketing Social Media Google Analytics Email Marketing Copywriting
Senior Digital Marketing Specialist,SEO SEM Content Marketing Social Media Google Analytics Email Marketing Copywriting Team Leadership Mentoring
Lead Digital Marketing Specialist,SEO SEM Content Marketing Social Media Google Analytics Email Marketing Copywriting Team Leadership Mentoring
Principal Digital Marketing Specialist,SEO SEM Content Marketing Social Media Google Analytics Email Marketing Copywriting Team Leadership Mentoring
Junior SEO Specialist,SEO Keyword Research Google Analytics Content Optimization Link Building Technical SEO
Associate SEO Specialist,SEO Keyword Research Google Analytics Content Optimization Link Building Technical SEO
SEO Specialist,SEO Keyword Research Google Analytics Content Optimization Link Building Technical SEO
Senior SEO Specialist,SEO Keyword Research Google Analytics Content Optimization Link Building Technical SEO Team Leadership Mentoring
Lead SEO Specialist,SEO Keyword Research Google Analytics Content Optimization Link Building Technical SEO Team Leadership Mentoring
Principal SEO Specialist,SEO Keyword Research Google Analytics Content Optimization Link Building Technical SEO Team Leadership Mentoring
Junior Content Marketing Manager,Content Strategy Copywriting SEO Editorial Planning Analytics Social Media
Associate Content Marketing Manager,Content Strategy Copywriting SEO Editorial Planning Analytics Social Media
Content Marketing Manager,Content Strategy Copywriting SEO Editorial Planning Analytics Social Media
Senior Content Marketing Manager,Content Strategy Copywriting SEO Editorial Planning Analytics Social Media Team Leadership Mentoring
Lead Content Marketing Manager,Content Strategy Copywriting SEO Editorial Planning Analytics Social Media Team Leadership Mentoring
Principal Content Marketing Manager,Content Strategy Copywriting SEO Editorial Planning Analytics Social Media Team Leadership Mentoring
Junior Social Media Manager,Social Media Strategy Content Creation Community Management Analytics Copywriting
Associate Social Media Manager,Social Media Strategy Content Creation Community Management Analytics Copywriting
Social Media Manager,Social Media Strategy Content Creation Community Management Analytics Copywriting
Senior Social Media Manager,Social Media Strategy Content Creation Community Management Analytics Copywriting Team Leadership Mentoring
Lead Social Media Manager,Social Media Strategy Content Creation Community Management Analytics Copywriting Team Leadership Mentoring
Principal Social Media Manager,Social Media Strategy Content Creation Community Management Analytics Copywriting Team Leadership Mentoring
Junior Email Marketing Specialist,Email Marketing Copywriting Automation Segmentation Analytics A/B Testing
Associate Email Marketing Specialist,Email Marketing Copywriting Automation Segmentation Analytics A/B Testing
Email Marketing Specialist,Email Marketing Copywriting Automation Segmentation Analytics A/B Testing
Senior Email Marketing Specialist,Email Marketing Copywriting Automation Segmentation Analytics A/B Testing Team Leadership Mentoring
Lead Email Marketing Specialist,Email Marketing Copywriting Automation Segmentation Analytics A/B Testing Team Leadership Mentoring
Principal Email Marketing Specialist,Email Marketing Copywriting Automation Segmentation Analytics A/B Testing Team Leadership Mentoring
Junior Growth Marketer,Growth Hacking Analytics A/B Testing SEO Content Marketing Data Analysis
Associate Growth Marketer,Growth Hacking Analytics A/B Testing SEO Content Marketing Data Analysis
Growth Marketer,Growth Hacking Analytics A/B Testing SEO Content Marketing Data Analysis
Senior Growth Marketer,Growth Hacking Analytics A/B Testing SEO Content Marketing Data Analysis Team Leadership Mentoring
Lead Growth Marketer,Growth Hacking Analytics A/B Testing SEO Content Marketing Data Analysis Team Leadership Mentoring
Principal Growth Marketer,Growth Hacking Analytics A/B Testing SEO Content Marketing Data Analysis Team Leadership Mentoring
Junior Brand Manager,Brand Strategy Marketing Communication Market Research Campaign Management
Associate Brand Manager,Brand Strategy Marketing Communication Market Research Campaign Management
Brand Manager,Brand Strategy Marketing Communication Market Research Campaign Management
Senior Brand Manager,Brand Strategy Marketing Communication Market Research Campaign Management Team Leadership Mentoring
Lead Brand Manager,Brand Strategy Marketing Communication Market Research Campaign Management Team Leadership Mentoring
Principal Brand Manager,Brand Strategy Marketing Communication Market Research Campaign Management Team Leadership Mentoring
Junior Copywriter,Copywriting Content Writing Editing SEO Creative Writing Brand Voice
Associate Copywriter,Copywriting Content Writing Editing SEO Creative Writing Brand Voice
Copywriter,Copywriting Content Writing Editing SEO Creative Writing Brand Voice
Senior Copywriter,Copywriting Content Writing Editing SEO Creative Writing Brand Voice Team Leadership Mentoring
Lead Copywriter,Copywriting Content Writing Editing SEO Creative Writing Brand Voice Team Leadership Mentoring
Principal Copywriter,Copywriting Content Writing Editing SEO Creative Writing Brand Voice Team Leadership Mentoring
Junior Technical Writer,Technical Writing Documentation Editing API Documentation Communication Research
Associate Technical Writer,Technical Writing Documentation Editing API Documentation Communication Research
Technical Writer,Technical Writing Documentation Editing API Documentation Communication Research
Senior Technical Writer,Technical Writing Documentation Editing API Documentation Communication Research Team Leadership Mentoring
Lead Technical Writer,Technical Writing Documentation Editing API Documentation Communication Research Team Leadership Mentoring
Principal Technical Writer,Technical Writing Documentation Editing API Documentation Communication Research Team Leadership Mentoring
Junior Sales Representative,Sales Negotiation CRM Customer Relationship Management Communication Lead Generation
Associate Sales Representative,Sales Negotiation CRM Customer Relationship Management Communication Lead Generation
Sales Representative,Sales Negotiation CRM Customer Relationship Management Communication Lead Generation
Senior Sales Representative,Sales Negotiation CRM Customer Relationship Management Communication Lead Generation Team Leadership Mentoring
Lead Sales Representative,Sales Negotiation CRM Customer Relationship Management Communication Lead Generation Team Leadership Mentoring
Principal Sales Representative,Sales Negotiation CRM Customer Relationship Management Communication Lead Generation Team Leadership Mentoring
Junior Sales Engineer,Technical Sales Product Knowledge Communication CRM Solution Design Presentations
Associate Sales Engineer,Technical Sales Product Knowledge Communication CRM Solution Design Presentations
Sales Engineer,Technical Sales Product Knowledge Communication CRM Solution Design Presentations
Senior Sales Engineer,Technical Sales Product Knowledge Communication CRM Solution Design Presentations Team Leadership Mentoring
Lead Sales Engineer,Technical Sales Product Knowledge Communication CRM Solution Design Presentations Team Leadership Mentoring
Principal Sales Engineer,Technical Sales Product Knowledge Communication CRM Solution Design Presentations Team Leadership Mentoring
Junior Account Manager,Client Relationship Management Communication Negotiation CRM Upselling Account Planning
Associate Account Manager,Client Relationship Management Communication Negotiation CRM Upselling Account Planning
Account Manager,Client Relationship Management Communication Negotiation CRM Upselling Account Planning
Senior Account Manager,Client Relationship Management Communication Negotiation CRM Upselling Account Planning Team Leadership Mentoring
Lead Account Manager,Client Relationship Management Communication Negotiation CRM Upselling Account Planning Team Leadership Mentoring
Principal Account Manager,Client Relationship Management Communication Negotiation CRM Upselling Account Planning Team Leadership Mentoring
Junior Customer Success Manager,Customer Relationship Management Communication Onboarding Retention Strategies CRM Problem Solving
Associate Customer Success Manager,Customer Relationship Management Communication Onboarding Retention Strategies CRM Problem Solving
Customer Success Manager,Customer Relationship Management Communication Onboarding Retention Strategies CRM Problem Solving
Senior Customer Success Manager,Customer Relationship Management Communication Onboarding Retention Strategies CRM Problem Solving Team Leadership Mentoring
Lead Customer Success Manager,Customer Relationship Management Communication Onboarding Retention Strategies CRM Problem Solving Team Leadership Mentoring
Principal Customer Success Manager,Customer Relationship Management Communication Onboarding Retention Strategies CRM Problem Solving Team Leadership Mentoring
Junior Customer Support Specialist,Customer Service Communication Troubleshooting Ticketing Systems Product Knowledge
Associate Customer Support Specialist,Customer Service Communication Troubleshooting Ticketing Systems Product Knowledge
Customer Support Specialist,Customer Service Communication Troubleshooting Ticketing Systems Product Knowledge
Senior Customer Support Specialist,Customer Service Communication Troubleshooting Ticketing Systems Product Knowledge Team Leadership Mentoring
Lead Customer Support Specialist,Customer Service Communication Troubleshooting Ticketing Systems Product Knowledge Team Leadership Mentoring
Principal Customer Support Specialist,Customer Service Communication Troubleshooting Ticketing Systems Product Knowledge Team Leadership Mentoring
Junior Operations Manager,Operations Management Process Improvement Budgeting Team Leadership Logistics
Associate Operations Manager,Operations Management Process Improvement Budgeting Team Leadership Logistics
Operations Manager,Operations Management Process Improvement Budgeting Team Leadership Logistics
Senior Operations Manager,Operations Management Process Improvement Budgeting Team Leadership Logistics Team Leadership Mentoring
Lead Operations Manager,Operations Management Process Improvement Budgeting Team Leadership Logistics Team Leadership Mentoring
Principal Operations Manager,Operations Management Process Improvement Budgeting Team Leadership Logistics Team Leadership Mentoring
Junior Supply Chain Analyst,Supply Chain Management Logistics Data Analysis Forecasting Inventory Management
Associate Supply Chain Analyst,Supply Chain Management Logistics Data Analysis Forecasting Inventory Management
Supply Chain Analyst,Supply Chain Management Logistics Data Analysis Forecasting Inventory Management
Senior Supply Chain Analyst,Supply Chain Management Logistics Data Analysis Forecasting Inventory Management Team Leadership Mentoring
Lead Supply Chain Analyst,Supply Chain Management Logistics Data Analysis Forecasting Inventory Management Team Leadership Mentoring
Principal Supply Chain Analyst,Supply Chain Management Logistics Data Analysis Forecasting Inventory Management Team Leadership Mentoring
Junior Logistics Coordinator,Logistics Inventory Management Scheduling Communication Supply Chain Coordination
Associate Logistics Coordinator,Logistics Inventory Management Scheduling Communication Supply Chain Coordination
Logistics Coordinator,Logistics Inventory Management Scheduling Communication Supply Chain Coordination
Senior Logistics Coordinator,Logistics Inventory Management Scheduling Communication Supply Chain Coordination Team Leadership Mentoring
Lead Logistics Coordinator,Logistics Inventory Management Scheduling Communication Supply Chain Coordination Team Leadership Mentoring
Principal Logistics Coordinator,Logistics Inventory Management Scheduling Communication Supply Chain Coordination Team Leadership Mentoring
Junior Procurement Specialist,Procurement Vendor Management Negotiation Contract Management Supply Chain
Associate Procurement Specialist,Procurement Vendor Management Negotiation Contract Management Supply Chain
Procurement Specialist,Procurement Vendor Management Negotiation Contract Management Supply Chain
Senior Procurement Specialist,Procurement Vendor Management Negotiation Contract Management Supply Chain Team Leadership Mentoring
Lead Procurement Specialist,Procurement Vendor Management Negotiation Contract Management Supply Chain Team Leadership Mentoring
Principal Procurement Specialist,Procurement Vendor Management Negotiation Contract Management Supply Chain Team Leadership Mentoring
Junior Healthcare Data Analyst,SQL Python Data Analysis Healthcare Systems Statistics Reporting Compliance
Associate Healthcare Data Analyst,SQL Python Data Analysis Healthcare Systems Statistics Reporting Compliance
Healthcare Data Analyst,SQL Python Data Analysis Healthcare Systems Statistics Reporting Compliance
Senior Healthcare Data Analyst,SQL Python Data Analysis Healthcare Systems Statistics Reporting Compliance Team Leadership Mentoring
Lead Healthcare Data Analyst,SQL Python Data Analysis Healthcare Systems Statistics Reporting Compliance Team Leadership Mentoring
Principal Healthcare Data Analyst,SQL Python Data Analysis Healthcare Systems Statistics Reporting Compliance Team Leadership Mentoring
Junior Clinical Data Manager,Clinical Trials Data Management Regulatory Compliance SQL Documentation
Associate Clinical Data Manager,Clinical Trials Data Management Regulatory Compliance SQL Documentation
Clinical Data Manager,Clinical Trials Data Management Regulatory Compliance SQL Documentation
Senior Clinical Data Manager,Clinical Trials Data Management Regulatory Compliance SQL Documentation Team Leadership Mentoring
Lead Clinical Data Manager,Clinical Trials Data Management Regulatory Compliance SQL Documentation Team Leadership Mentoring
Principal Clinical Data Manager,Clinical Trials Data Management Regulatory Compliance SQL Documentation Team Leadership Mentoring
Junior Biomedical Engineer,Biomechanics Medical Devices MATLAB Signal Processing Regulatory Compliance
Associate Biomedical Engineer,Biomechanics Medical Devices MATLAB Signal Processing Regulatory Compliance
Biomedical Engineer,Biomechanics Medical Devices MATLAB Signal Processing Regulatory Compliance
Senior Biomedical Engineer,Biomechanics Medical Devices MATLAB Signal Processing Regulatory Compliance Team Leadership Mentoring
Lead Biomedical Engineer,Biomechanics Medical Devices MATLAB Signal Processing Regulatory Compliance Team Leadership Mentoring
Principal Biomedical Engineer,Biomechanics Medical Devices MATLAB Signal Processing Regulatory Compliance Team Leadership Mentoring
Role,Category,Required_Skills
Data Scientist,Technology / IT,Python SQL Machine Learning Statistics Pandas NumPy Data Visualization Jupyter
DevOps Engineer,Technology / IT,AWS Docker Kubernetes CI/CD Automation Linux Terraform Jenkins
Backend Developer,Technology / IT,Java Python SQL APIs Node.js Databases System Design REST
Frontend Developer,Technology / IT,HTML CSS JavaScript React UI Design Responsive Design Accessibility
Cloud Architect,Technology / IT,AWS Azure Cloud Computing Networking Security Automation Terraform Cost Optimization
Machine Learning Engineer,Technology / IT,Python Machine Learning TensorFlow PyTorch Data Pipelines MLOps Statistics
Cybersecurity Analyst,Technology / IT,Network Security Penetration Testing Linux Firewalls Risk Assessment Python Cryptography
Mobile App Developer,Technology / IT,Java Kotlin Swift Mobile UI APIs Android iOS Firebase
Database Administrator,Technology / IT,SQL Database Design Indexing Backup Recovery Performance Tuning Oracle PostgreSQL
Full Stack Developer,Technology / IT,JavaScript React Node.js SQL APIs HTML CSS System Design
UI/UX Designer,Technology / IT,UI Design Wireframing Figma User Research Prototyping Accessibility Visual Design
System Administrator,Technology / IT,Linux Networking Automation Scripting Bash Server Management Security
Network Engineer,Technology / IT,Networking Routing Switching Firewalls Security Cisco Automation
QA Automation Engineer,Technology / IT,Python Selenium Test Automation CI/CD Java Test Planning Debugging
Data Engineer,Technology / IT,Python SQL Data Pipelines ETL Cloud Computing Spark Airflow Databases
AI Research Scientist,Technology / IT,Python Deep Learning PyTorch TensorFlow Research Papers Mathematics Statistics Linear Algebra
NLP Engineer,Technology / IT,Python NLP Transformers PyTorch Text Processing Machine Learning Linguistics
Computer Vision Engineer,Technology / IT,Python OpenCV Deep Learning CNN Image Processing PyTorch TensorFlow
Site Reliability Engineer,Technology / IT,Linux Kubernetes Monitoring Automation Python Incident Management Cloud Computing
Platform Engineer,Technology / IT,Kubernetes Docker CI/CD Automation Cloud Computing Terraform Infrastructure as Code
Blockchain Developer,Technology / IT,Solidity Ethereum Smart Contracts Cryptography Web3 JavaScript Blockchain Architecture
Game Developer,Technology / IT,C++ Unity Unreal Engine C# Game Design 3D Graphics Physics Engines
Embedded Systems Engineer,Technology / IT,C C++ Microcontrollers RTOS Firmware Circuit Design Debugging
Solutions Architect,Technology / IT,Cloud Computing System Design AWS Azure Networking Security Cost Optimization
Data Analyst,Technology / IT,SQL Excel Python Data Visualization Statistics Reporting Power BI Tableau
Business Intelligence Developer,Technology / IT,SQL Power BI Tableau Data Warehousing ETL Data Modeling Reporting
Big Data Engineer,Technology / IT,Hadoop Spark Scala Python SQL Data Pipelines Kafka Cloud Computing
IT Support Specialist,Technology / IT,Troubleshooting Networking Windows Linux Hardware Customer Service Ticketing Systems
IT Project Manager,Technology / IT,Project Management Agile Scrum Budgeting Risk Management Stakeholder Communication
Scrum Master,Technology / IT,Agile Scrum Facilitation Sprint Planning Stakeholder Management Jira Coaching
Product Manager,Technology / IT,Roadmapping Market Research Agile Stakeholder Management Analytics Prioritization
Technical Writer,Technology / IT,Documentation Technical Writing Markdown API Documentation Editing Communication
Release Manager,Technology / IT,CI/CD Automation Version Control Deployment Risk Management Coordination
Software Architect,Technology / IT,System Design Design Patterns Java Python Scalability Microservices API Design
API Developer,Technology / IT,REST GraphQL Node.js Python Authentication Documentation System Design
Salesforce Developer,Technology / IT,Apex Salesforce Visualforce SOQL Lightning Components Integration
SAP Consultant,Technology / IT,SAP ABAP Business Processes Configuration Integration ERP
ERP Specialist,Technology / IT,ERP Systems Business Analysis SQL Process Design Integration Reporting
Robotic Process Automation Developer,Technology / IT,RPA UiPath Automation Anywhere Python Process Analysis Scripting
IT Auditor,Technology / IT,Risk Assessment Compliance Security Auditing Standards SQL Reporting
Penetration Tester,Technology / IT,Ethical Hacking Network Security Python Kali Linux Vulnerability Assessment Reporting
Security Operations Analyst,Technology / IT,SIEM Incident Response Network Security Threat Detection Linux Scripting
Cloud Security Engineer,Technology / IT,AWS Azure Security Compliance IAM Encryption Networking Automation
Identity and Access Management Engineer,Technology / IT,IAM Active Directory Security SSO Authentication Compliance Scripting
Data Privacy Officer,Technology / IT,GDPR Compliance Risk Assessment Data Governance Policy Writing Auditing
Growth Hacker,Technology / IT,Analytics A/B Testing SQL Marketing Automation Python SEO
SEO Specialist,Technology / IT,SEO Keyword Research Analytics Content Strategy Google Search Console Link Building
Digital Marketing Analyst,Technology / IT,Analytics Google Ads SEO SQL Excel Reporting Campaign Management
E-commerce Manager,Technology / IT,E-commerce Platforms Analytics Inventory Management Digital Marketing SEO
CRM Administrator,Technology / IT,Salesforce HubSpot Data Management Automation Reporting Configuration
Technical Support Engineer,Technology / IT,Troubleshooting Networking Linux Customer Communication Scripting Ticketing Systems
Firmware Engineer,Technology / IT,C C++ Embedded Systems Debugging Hardware Interfaces RTOS
Hardware Engineer,Technology / IT,Circuit Design PCB Design Embedded Systems Testing Debugging Schematics
Robotics Engineer,Technology / IT,Python C++ ROS Control Systems Sensors Mechanical Design
Automation Test Engineer,Technology / IT,Selenium Python Java Test Automation CI/CD Debugging Test Planning
Performance Test Engineer,Technology / IT,JMeter Load Testing Python Performance Tuning Scripting Analysis
Release Engineer,Technology / IT,CI/CD Jenkins Automation Version Control Deployment Scripting
Infrastructure Engineer,Technology / IT,Linux Networking Automation Cloud Computing Terraform Monitoring
Storage Engineer,Technology / IT,SAN NAS Backup Recovery Linux Networking Storage Systems
Virtualization Engineer,Technology / IT,VMware Hyper-V Virtualization Networking Automation Storage
Data Warehouse Engineer,Technology / IT,SQL ETL Data Modeling Data Warehousing Cloud Computing Reporting
Analytics Engineer,Technology / IT,SQL dbt Data Modeling Python Data Pipelines Cloud Computing
MLOps Engineer,Technology / IT,Python Docker Kubernetes CI/CD Machine Learning Model Deployment Monitoring
Data Governance Analyst,Technology / IT,Data Governance Compliance SQL Metadata Management Policy Writing
Statistician,Technology / IT,Statistics R Python Data Analysis Hypothesis Testing Reporting
Quantitative Analyst,Technology / IT,Python R Statistics Financial Modeling Mathematics Data Analysis
Actuarial Analyst,Technology / IT,Statistics Excel Risk Modeling Mathematics Insurance Analysis
Bioinformatics Analyst,Technology / IT,Python R Statistics Genomics Data Analysis Biology
Research Data Analyst,Technology / IT,Python R Statistics Data Cleaning Reporting Research Methods
Web Developer,Technology / IT,HTML CSS JavaScript PHP MySQL Responsive Design Version Control
WordPress Developer,Technology / IT,WordPress PHP HTML CSS JavaScript MySQL Plugin Development
Shopify Developer,Technology / IT,Shopify Liquid JavaScript HTML CSS E-commerce API Integration
Magento Developer,Technology / IT,Magento PHP MySQL E-commerce API Integration Debugging
Odoo Developer,Technology / IT,Odoo Python PostgreSQL ERP Customization Integration
Django Developer,Technology / IT,Python Django PostgreSQL REST APIs System Design Testing
Flask Developer,Technology / IT,Python Flask SQL REST APIs System Design Testing
Laravel Developer,Technology / IT,PHP Laravel MySQL REST APIs MVC Architecture Testing
Ruby on Rails Developer,Technology / IT,Ruby Rails SQL REST APIs MVC Architecture Testing
.NET Developer,Technology / IT,C# .NET SQL Server REST APIs System Design Azure
Golang Developer,Technology / IT,Go Concurrency APIs System Design Microservices Testing
Rust Developer,Technology / IT,Rust Systems Programming Memory Safety Performance Optimization Testing
C++ Developer,Technology / IT,C++ Object Oriented Programming Data Structures Algorithms Debugging Performance
Java Developer,Technology / IT,Java Spring Boot SQL APIs Object Oriented Programming System Design
Kotlin Developer,Technology / IT,Kotlin Android SQL APIs Mobile UI Testing
Swift Developer,Technology / IT,Swift iOS Xcode Mobile UI APIs Testing
Flutter Developer,Technology / IT,Dart Flutter Mobile UI APIs Cross Platform Development Testing
React Native Developer,Technology / IT,JavaScript React Native Mobile UI APIs Cross Platform Development
Xamarin Developer,Technology / IT,C# Xamarin Mobile UI APIs Cross Platform Development
Video Game QA Tester,Technology / IT,Test Planning Debugging Bug Tracking Game Design Communication
Technical Recruiter,Technology / IT,Sourcing Communication Technical Screening Interviewing ATS Networking
Chief Information Officer,Technology / IT,Strategic Planning IT Governance Leadership Budgeting Risk Management
Chief Technology Officer,Technology / IT,Technical Strategy Leadership System Design Architecture Innovation
IT Consultant,Technology / IT,System Analysis Consulting Project Management Communication Technical Strategy
Data Center Technician,Technology / IT,Hardware Networking Server Management Troubleshooting Maintenance
Voice/VoIP Engineer,Technology / IT,VoIP Networking SIP Telephony Systems Troubleshooting Automation
Unified Communications Engineer,Technology / IT,VoIP Networking Video Conferencing Systems Troubleshooting Automation
Enterprise Architect,Technology / IT,System Design Business Analysis Cloud Computing Integration Strategy
Integration Engineer,Technology / IT,APIs Middleware ETL System Design Automation Testing
Configuration Manager,Technology / IT,Version Control Automation Documentation Change Management Scripting
IT Compliance Analyst,Technology / IT,Compliance Auditing Risk Assessment Documentation Policy Writing
Digital Forensics Analyst,Technology / IT,Forensics Security Incident Response Evidence Analysis Reporting
Threat Intelligence Analyst,Technology / IT,Threat Analysis Security Research Python Reporting Risk Assessment
Malware Analyst,Technology / IT,Reverse Engineering Malware Analysis Python Assembly Security Research
Application Security Engineer,Technology / IT,Secure Coding Penetration Testing Python Vulnerability Assessment Code Review
Graphic Designer,Design & Creative,Photoshop Illustrator InDesign Typography Branding Layout Design Color Theory
Photoshop Expert,Design & Creative,Photoshop Photo Editing Retouching Compositing Color Correction Layer Masking
Poster Designer,Design & Creative,Photoshop Illustrator Typography Layout Design Color Theory Print Design
Home Designer,Design & Creative,Interior Design Space Planning AutoCAD SketchUp Furniture Layout Color Coordination
Interior Designer,Design & Creative,Space Planning AutoCAD SketchUp 3D Modeling Material Selection Lighting Design
Fashion Designer,Design & Creative,Sketching Pattern Making Textile Knowledge Adobe Illustrator Trend Research Sewing
Industrial Designer,Design & Creative,Sketching 3D Modeling CAD Prototyping Product Design Material Knowledge
Product Designer,Design & Creative,UI Design Wireframing Figma Prototyping User Research Design Systems
Illustrator,Design & Creative,Illustrator Procreate Digital Painting Sketching Character Design Color Theory
Logo Designer,Design & Creative,Illustrator Photoshop Typography Branding Vector Graphics Concept Development
Brand Identity Designer,Design & Creative,Branding Typography Illustrator Photoshop Style Guides Visual Strategy
Motion Graphics Designer,Design & Creative,After Effects Premiere Pro Animation Compositing Storyboarding Video Editing
3D Artist,Design & Creative,Blender Maya ZBrush Texturing Lighting Rendering Modeling
3D Animator,Design & Creative,Maya Blender Rigging Animation Keyframing Storyboarding Rendering
Video Editor,Design & Creative,Premiere Pro Final Cut Pro Color Grading Sound Editing Storytelling Motion Graphics
Photo Retoucher,Design & Creative,Photoshop Lightroom Color Correction Skin Retouching Compositing Detail Editing
Photographer,Design & Creative,Camera Operation Lighting Composition Lightroom Photoshop Editing
Web Designer,Design & Creative,Figma Adobe XD HTML CSS Responsive Design Typography Visual Design
Packaging Designer,Design & Creative,Illustrator Photoshop Print Design Branding Structural Design Typography
Textile Designer,Design & Creative,Pattern Design Illustrator Photoshop Color Theory Fabric Knowledge Print Design
Jewelry Designer,Design & Creative,Sketching CAD 3D Modeling Gemology Metalwork Rendering
Landscape Designer,Design & Creative,AutoCAD SketchUp Plant Knowledge Site Planning 3D Rendering Sustainability
Set Designer,Design & Creative,Sketching Model Making Space Planning Lighting Design Construction Knowledge
Exhibition Designer,Design & Creative,Space Planning 3D Modeling AutoCAD Lighting Design Branding Visual Storytelling
Game Artist,Design & Creative,Photoshop Blender 3D Modeling Texturing Concept Art Character Design
Concept Artist,Design & Creative,Digital Painting Photoshop Procreate Sketching Environment Design Character Design
Character Designer,Design & Creative,Sketching Digital Painting Anatomy Photoshop Procreate Storytelling
Storyboard Artist,Design & Creative,Sketching Storytelling Photoshop Cinematography Sequential Art
Print Designer,Design & Creative,InDesign Illustrator Typography Layout Design Color Theory Print Production
Magazine Layout Designer,Design & Creative,InDesign Typography Layout Design Photo Editing Branding Print Production
Book Cover Designer,Design & Creative,Photoshop Illustrator Typography Concept Development Print Design Branding
Wedding Card Designer,Design & Creative,Photoshop Illustrator Typography Layout Design Print Design Creativity
Social Media Graphics Designer,Design & Creative,Photoshop Canva Illustrator Typography Branding Content Creation
Presentation Designer,Design & Creative,PowerPoint Keynote Layout Design Data Visualization Typography Branding
Infographic Designer,Design & Creative,Illustrator Photoshop Data Visualization Layout Design Typography Storytelling
Tattoo Designer,Design & Creative,Sketching Illustration Line Art Photoshop Creativity Custom Design
Mehendi/Henna Designer,Design & Creative,Freehand Drawing Pattern Design Creativity Fine Motor Skills Cultural Knowledge
Event Decor Designer,Design & Creative,Space Planning Theme Design Color Coordination Vendor Coordination Creativity
Furniture Designer,Design & Creative,Sketching CAD 3D Modeling Material Knowledge Prototyping Ergonomics
Automotive Designer,Design & Creative,Sketching CAD 3D Modeling Clay Modeling Rendering Aerodynamics Knowledge
Toy Designer,Design & Creative,Sketching 3D Modeling Prototyping Material Knowledge Safety Standards Creativity
Sound Designer,Design & Creative,Audio Editing Foley Ableton Live Pro Tools Mixing Sound Effects Creation
Lighting Designer,Design & Creative,Lighting Design AutoCAD Theatrical Lighting Software Color Theory Space Planning
Environment Artist,Design & Creative,Blender Maya Texturing Level Design Lighting World Building
UX Researcher,Design & Creative,User Research Interviews Usability Testing Data Analysis Prototyping Personas
Visual Designer,Design & Creative,Photoshop Illustrator Figma Typography Layout Design Branding
Design Systems Designer,Design & Creative,Figma Design Systems Component Libraries Typography Documentation Collaboration
Calligrapher,Design & Creative,Hand Lettering Typography Ink Techniques Composition Creativity
Muralist,Design & Creative,Painting Sketching Large Scale Composition Color Theory Creativity
Home Decor Consultant,Design & Creative,Color Coordination Furniture Selection Space Planning Client Communication Trend Research
Kitchen Designer,Design & Creative,Space Planning AutoCAD 3D Modeling Material Selection Ergonomics Client Communication
Wallpaper Designer,Design & Creative,Pattern Design Illustrator Photoshop Color Theory Repeat Design Print Production
Ceramic Designer,Design & Creative,Sketching Sculpting Glazing Techniques Material Knowledge Creativity
Costume Designer,Design & Creative,Sketching Pattern Making Textile Knowledge Sewing Historical Research Creativity
Make-up Artist / Design,Design & Creative,Color Theory Skin Knowledge Application Techniques Creativity Client Consultation
NFT/Digital Artist,Design & Creative,Digital Painting Photoshop Procreate Blockchain Basics Concept Development Creativity